Measured Density,Observed Temperature,Corresponding Density
0.8100,10.0000,0.8065
0.8100,10.5000,0.8068
0.8100,11.0000,0.8072
0.8100,11.5000,0.8076
0.8100,12.0000,0.8079
0.8100,12.5000,0.8083
0.8100,13.0000,0.8086
0.8100,13.5000,0.8090
0.8100,14.0000,0.8093
0.8100,14.5000,0.8097
0.8100,15.0000,0.8100
0.8100,15.5000,0.8103
0.8100,16.0000,0.8107
0.8100,16.5000,0.8110
0.8100,17.0000,0.8114
0.8100,17.5000,0.8117
0.8100,18.0000,0.8121
0.8100,18.5000,0.8124
0.8100,19.0000,0.8128
0.8100,19.5000,0.8131
0.8100,20.0000,0.8135
0.8100,20.5000,0.8138
0.8100,21.0000,0.8142
0.8100,21.5000,0.8145
0.8100,22.0000,0.8148
0.8100,22.5000,0.8152
0.8100,23.0000,0.8155
0.8100,23.5000,0.8159
0.8100,24.0000,0.8162
0.8100,24.5000,0.8166
0.8100,25.0000,0.8169
0.8100,25.5000,0.8172
0.8100,26.0000,0.8176
0.8100,26.5000,0.8179
0.8100,27.0000,0.8183
0.8100,27.5000,0.8186
0.8100,28.0000,0.8189
0.8100,28.5000,0.8193
0.8100,29.0000,0.8196
0.8100,29.5000,0.8200
0.8100,30.0000,0.8203
0.8100,30.5000,0.8206
0.8100,31.0000,0.8210
0.8100,31.5000,0.8213
0.8100,32.0000,0.8216
0.8100,32.5000,0.8220
0.8100,33.0000,0.8223
0.8100,33.5000,0.8226
0.8100,34.0000,0.8230
0.8100,34.5000,0.8233
0.8100,35.0000,0.8236
0.8100,35.5000,0.8240
0.8100,36.0000,0.8243
0.8100,36.5000,0.8246
0.8100,37.0000,0.8250
0.8100,37.5000,0.8253
0.8100,38.0000,0.8256
0.8100,38.5000,0.8260
0.8100,39.0000,0.8263
0.8100,39.5000,0.8266
0.8100,40.0000,0.8270
0.8100,40.5000,0.8273
0.8100,41.0000,0.8276
0.8100,41.5000,0.8279
0.8100,42.0000,0.8283
0.8100,42.5000,0.8286
0.8100,43.0000,0.8289
0.8100,43.5000,0.8293
0.8100,44.0000,0.8296
0.8100,44.5000,0.8299
0.8100,45.0000,0.8302
0.8100,45.5000,0.8306
0.8100,46.0000,0.8309
0.8100,46.5000,0.8312
0.8100,47.0000,0.8316
0.8100,47.5000,0.8319
0.8100,48.0000,0.8322
0.8100,48.5000,0.8325
0.8100,49.0000,0.8329
0.8100,49.5000,0.8332
0.8100,50.0000,0.8335
0.8110,10.0000,0.8075
0.8110,10.5000,0.8079
0.8110,11.0000,0.8082
0.8110,11.5000,0.8086
0.8110,12.0000,0.8089
0.8110,12.5000,0.8093
0.8110,13.0000,0.8096
0.8110,13.5000,0.8100
0.8110,14.0000,0.8103
0.8110,14.5000,0.8107
0.8110,15.0000,0.8110
0.8110,15.5000,0.8113
0.8110,16.0000,0.8117
0.8110,16.5000,0.8120
0.8110,17.0000,0.8124
0.8110,17.5000,0.8127
0.8110,18.0000,0.8131
0.8110,18.5000,0.8134
0.8110,19.0000,0.8138
0.8110,19.5000,0.8141
0.8110,20.0000,0.8145
0.8110,20.5000,0.8148
0.8110,21.0000,0.8152
0.8110,21.5000,0.8155
0.8110,22.0000,0.8158
0.8110,22.5000,0.8162
0.8110,23.0000,0.8165
0.8110,23.5000,0.8169
0.8110,24.0000,0.8172
0.8110,24.5000,0.8175
0.8110,25.0000,0.8179
0.8110,25.5000,0.8182
0.8110,26.0000,0.8186
0.8110,26.5000,0.8189
0.8110,27.0000,0.8192
0.8110,27.5000,0.8196
0.8110,28.0000,0.8199
0.8110,28.5000,0.8203
0.8110,29.0000,0.8206
0.8110,29.5000,0.8209
0.8110,30.0000,0.8213
0.8110,30.5000,0.8216
0.8110,31.0000,0.8219
0.8110,31.5000,0.8223
0.8110,32.0000,0.8226
0.8110,32.5000,0.8230
0.8110,33.0000,0.8233
0.8110,33.5000,0.8236
0.8110,34.0000,0.8240
0.8110,34.5000,0.8243
0.8110,35.0000,0.8246
0.8110,35.5000,0.8250
0.8110,36.0000,0.8253
0.8110,36.5000,0.8256
0.8110,37.0000,0.8260
0.8110,37.5000,0.8263
0.8110,38.0000,0.8266
0.8110,38.5000,0.8269
0.8110,39.0000,0.8273
0.8110,39.5000,0.8276
0.8110,40.0000,0.8279
0.8110,40.5000,0.8283
0.8110,41.0000,0.8286
0.8110,41.5000,0.8289
0.8110,42.0000,0.8292
0.8110,42.5000,0.8296
0.8110,43.0000,0.8299
0.8110,43.5000,0.8302
0.8110,44.0000,0.8306
0.8110,44.5000,0.8309
0.8110,45.0000,0.8312
0.8110,45.5000,0.8316
0.8110,46.0000,0.8319
0.8110,46.5000,0.8322
0.8110,47.0000,0.8325
0.8110,47.5000,0.8329
0.8110,48.0000,0.8332
0.8110,48.5000,0.8335
0.8110,49.0000,0.8338
0.8110,49.5000,0.8342
0.8110,50.0000,0.8345
0.8120,10.0000,0.8085
0.8120,10.5000,0.8089
0.8120,11.0000,0.8092
0.8120,11.5000,0.8096
0.8120,12.0000,0.8099
0.8120,12.5000,0.8103
0.8120,13.0000,0.8106
0.8120,13.5000,0.8110
0.8120,14.0000,0.8113
0.8120,14.5000,0.8117
0.8120,15.0000,0.8120
0.8120,15.5000,0.8123
0.8120,16.0000,0.8127
0.8120,16.5000,0.8130
0.8120,17.0000,0.8134
0.8120,17.5000,0.8137
0.8120,18.0000,0.8141
0.8120,18.5000,0.8144
0.8120,19.0000,0.8148
0.8120,19.5000,0.8151
0.8120,20.0000,0.8155
0.8120,20.5000,0.8158
0.8120,21.0000,0.8161
0.8120,21.5000,0.8165
0.8120,22.0000,0.8168
0.8120,22.5000,0.8172
0.8120,23.0000,0.8175
0.8120,23.5000,0.8179
0.8120,24.0000,0.8182
0.8120,24.5000,0.8185
0.8120,25.0000,0.8189
0.8120,25.5000,0.8192
0.8120,26.0000,0.8196
0.8120,26.5000,0.8199
0.8120,27.0000,0.8202
0.8120,27.5000,0.8206
0.8120,28.0000,0.8209
0.8120,28.5000,0.8212
0.8120,29.0000,0.8216
0.8120,29.5000,0.8219
0.8120,30.0000,0.8223
0.8120,30.5000,0.8226
0.8120,31.0000,0.8229
0.8120,31.5000,0.8233
0.8120,32.0000,0.8236
0.8120,32.5000,0.8239
0.8120,33.0000,0.8243
0.8120,33.5000,0.8246
0.8120,34.0000,0.8249
0.8120,34.5000,0.8253
0.8120,35.0000,0.8256
0.8120,35.5000,0.8259
0.8120,36.0000,0.8263
0.8120,36.5000,0.8266
0.8120,37.0000,0.8269
0.8120,37.5000,0.8273
0.8120,38.0000,0.8276
0.8120,38.5000,0.8279
0.8120,39.0000,0.8283
0.8120,39.5000,0.8286
0.8120,40.0000,0.8289
0.8120,40.5000,0.8292
0.8120,41.0000,0.8296
0.8120,41.5000,0.8299
0.8120,42.0000,0.8302
0.8120,42.5000,0.8306
0.8120,43.0000,0.8309
0.8120,43.5000,0.8312
0.8120,44.0000,0.8315
0.8120,44.5000,0.8319
0.8120,45.0000,0.8322
0.8120,45.5000,0.8325
0.8120,46.0000,0.8329
0.8120,46.5000,0.8332
0.8120,47.0000,0.8335
0.8120,47.5000,0.8338
0.8120,48.0000,0.8342
0.8120,48.5000,0.8345
0.8120,49.0000,0.8348
0.8120,49.5000,0.8351
0.8120,50.0000,0.8355
0.8130,10.0000,0.8095
0.8130,10.5000,0.8099
0.8130,11.0000,0.8102
0.8130,11.5000,0.8106
0.8130,12.0000,0.8109
0.8130,12.5000,0.8113
0.8130,13.0000,0.8116
0.8130,13.5000,0.8120
0.8130,14.0000,0.8123
0.8130,14.5000,0.8127
0.8130,15.0000,0.8130
0.8130,15.5000,0.8133
0.8130,16.0000,0.8137
0.8130,16.5000,0.8140
0.8130,17.0000,0.8144
0.8130,17.5000,0.8147
0.8130,18.0000,0.8151
0.8130,18.5000,0.8154
0.8130,19.0000,0.8158
0.8130,19.5000,0.8161
0.8130,20.0000,0.8165
0.8130,20.5000,0.8168
0.8130,21.0000,0.8172
0.8130,21.5000,0.8175
0.8130,22.0000,0.8178
0.8130,22.5000,0.8182
0.8130,23.0000,0.8185
0.8130,23.5000,0.8188
0.8130,24.0000,0.8192
0.8130,24.5000,0.8195
0.8130,25.0000,0.8199
0.8130,25.5000,0.8202
0.8130,26.0000,0.8205
0.8130,26.5000,0.8209
0.8130,27.0000,0.8212
0.8130,27.5000,0.8216
0.8130,28.0000,0.8219
0.8130,28.5000,0.8222
0.8130,29.0000,0.8226
0.8130,29.5000,0.8229
0.8130,30.0000,0.8232
0.8130,30.5000,0.8236
0.8130,31.0000,0.8239
0.8130,31.5000,0.8243
0.8130,32.0000,0.8246
0.8130,32.5000,0.8249
0.8130,33.0000,0.8253
0.8130,33.5000,0.8256
0.8130,34.0000,0.8259
0.8130,34.5000,0.8263
0.8130,35.0000,0.8266
0.8130,35.5000,0.8269
0.8130,36.0000,0.8272
0.8130,36.5000,0.8276
0.8130,37.0000,0.8279
0.8130,37.5000,0.8282
0.8130,38.0000,0.8286
0.8130,38.5000,0.8289
0.8130,39.0000,0.8292
0.8130,39.5000,0.8296
0.8130,40.0000,0.8299
0.8130,40.5000,0.8302
0.8130,41.0000,0.8305
0.8130,41.5000,0.8309
0.8130,42.0000,0.8312
0.8130,42.5000,0.8315
0.8130,43.0000,0.8319
0.8130,43.5000,0.8322
0.8130,44.0000,0.8325
0.8130,44.5000,0.8329
0.8130,45.0000,0.8332
0.8130,45.5000,0.8335
0.8130,46.0000,0.8338
0.8130,46.5000,0.8342
0.8130,47.0000,0.8345
0.8130,47.5000,0.8348
0.8130,48.0000,0.8351
0.8130,48.5000,0.8355
0.8130,49.0000,0.8358
0.8130,49.5000,0.8361
0.8130,50.0000,0.8364
0.8140,10.0000,0.8105
0.8140,10.5000,0.8109
0.8140,11.0000,0.8112
0.8140,11.5000,0.8116
0.8140,12.0000,0.8119
0.8140,12.5000,0.8123
0.8140,13.0000,0.8126
0.8140,13.5000,0.8130
0.8140,14.0000,0.8133
0.8140,14.5000,0.8137
0.8140,15.0000,0.8140
0.8140,15.5000,0.8143
0.8140,16.0000,0.8147
0.8140,16.5000,0.8150
0.8140,17.0000,0.8154
0.8140,17.5000,0.8157
0.8140,18.0000,0.8161
0.8140,18.5000,0.8164
0.8140,19.0000,0.8168
0.8140,19.5000,0.8171
0.8140,20.0000,0.8174
0.8140,20.5000,0.8178
0.8140,21.0000,0.8181
0.8140,21.5000,0.8185
0.8140,22.0000,0.8188
0.8140,22.5000,0.8192
0.8140,23.0000,0.8195
0.8140,23.5000,0.8198
0.8140,24.0000,0.8202
0.8140,24.5000,0.8205
0.8140,25.0000,0.8209
0.8140,25.5000,0.8212
0.8140,26.0000,0.8215
0.8140,26.5000,0.8219
0.8140,27.0000,0.8222
0.8140,27.5000,0.8225
0.8140,28.0000,0.8229
0.8140,28.5000,0.8232
0.8140,29.0000,0.8236
0.8140,29.5000,0.8239
0.8140,30.0000,0.8242
0.8140,30.5000,0.8246
0.8140,31.0000,0.8249
0.8140,31.5000,0.8252
0.8140,32.0000,0.8256
0.8140,32.5000,0.8259
0.8140,33.0000,0.8262
0.8140,33.5000,0.8266
0.8140,34.0000,0.8269
0.8140,34.5000,0.8272
0.8140,35.0000,0.8276
0.8140,35.5000,0.8279
0.8140,36.0000,0.8282
0.8140,36.5000,0.8286
0.8140,37.0000,0.8289
0.8140,37.5000,0.8292
0.8140,38.0000,0.8295
0.8140,38.5000,0.8299
0.8140,39.0000,0.8302
0.8140,39.5000,0.8305
0.8140,40.0000,0.8309
0.8140,40.5000,0.8312
0.8140,41.0000,0.8315
0.8140,41.5000,0.8319
0.8140,42.0000,0.8322
0.8140,42.5000,0.8325
0.8140,43.0000,0.8328
0.8140,43.5000,0.8332
0.8140,44.0000,0.8335
0.8140,44.5000,0.8338
0.8140,45.0000,0.8342
0.8140,45.5000,0.8345
0.8140,46.0000,0.8348
0.8140,46.5000,0.8351
0.8140,47.0000,0.8355
0.8140,47.5000,0.8358
0.8140,48.0000,0.8361
0.8140,48.5000,0.8364
0.8140,49.0000,0.8368
0.8140,49.5000,0.8371
0.8140,50.0000,0.8374
0.8150,10.0000,0.8115
0.8150,10.5000,0.8119
0.8150,11.0000,0.8122
0.8150,11.5000,0.8126
0.8150,12.0000,0.8129
0.8150,12.5000,0.8133
0.8150,13.0000,0.8136
0.8150,13.5000,0.8140
0.8150,14.0000,0.8143
0.8150,14.5000,0.8147
0.8150,15.0000,0.8150
0.8150,15.5000,0.8153
0.8150,16.0000,0.8157
0.8150,16.5000,0.8160
0.8150,17.0000,0.8164
0.8150,17.5000,0.8167
0.8150,18.0000,0.8171
0.8150,18.5000,0.8174
0.8150,19.0000,0.8178
0.8150,19.5000,0.8181
0.8150,20.0000,0.8184
0.8150,20.5000,0.8188
0.8150,21.0000,0.8191
0.8150,21.5000,0.8195
0.8150,22.0000,0.8198
0.8150,22.5000,0.8201
0.8150,23.0000,0.8205
0.8150,23.5000,0.8208
0.8150,24.0000,0.8212
0.8150,24.5000,0.8215
0.8150,25.0000,0.8218
0.8150,25.5000,0.8222
0.8150,26.0000,0.8225
0.8150,26.5000,0.8229
0.8150,27.0000,0.8232
0.8150,27.5000,0.8235
0.8150,28.0000,0.8239
0.8150,28.5000,0.8242
0.8150,29.0000,0.8245
0.8150,29.5000,0.8249
0.8150,30.0000,0.8252
0.8150,30.5000,0.8255
0.8150,31.0000,0.8259
0.8150,31.5000,0.8262
0.8150,32.0000,0.8265
0.8150,32.5000,0.8269
0.8150,33.0000,0.8272
0.8150,33.5000,0.8275
0.8150,34.0000,0.8279
0.8150,34.5000,0.8282
0.8150,35.0000,0.8285
0.8150,35.5000,0.8289
0.8150,36.0000,0.8292
0.8150,36.5000,0.8295
0.8150,37.0000,0.8299
0.8150,37.5000,0.8302
0.8150,38.0000,0.8305
0.8150,38.5000,0.8309
0.8150,39.0000,0.8312
0.8150,39.5000,0.8315
0.8150,40.0000,0.8319
0.8150,40.5000,0.8322
0.8150,41.0000,0.8325
0.8150,41.5000,0.8328
0.8150,42.0000,0.8332
0.8150,42.5000,0.8335
0.8150,43.0000,0.8338
0.8150,43.5000,0.8342
0.8150,44.0000,0.8345
0.8150,44.5000,0.8348
0.8150,45.0000,0.8351
0.8150,45.5000,0.8355
0.8150,46.0000,0.8358
0.8150,46.5000,0.8361
0.8150,47.0000,0.8364
0.8150,47.5000,0.8368
0.8150,48.0000,0.8371
0.8150,48.5000,0.8374
0.8150,49.0000,0.8377
0.8150,49.5000,0.8381
0.8150,50.0000,0.8384
0.8160,10.0000,0.8125
0.8160,10.5000,0.8129
0.8160,11.0000,0.8132
0.8160,11.5000,0.8136
0.8160,12.0000,0.8139
0.8160,12.5000,0.8143
0.8160,13.0000,0.8146
0.8160,13.5000,0.8150
0.8160,14.0000,0.8153
0.8160,14.5000,0.8157
0.8160,15.0000,0.8160
0.8160,15.5000,0.8163
0.8160,16.0000,0.8167
0.8160,16.5000,0.8170
0.8160,17.0000,0.8174
0.8160,17.5000,0.8177
0.8160,18.0000,0.8181
0.8160,18.5000,0.8184
0.8160,19.0000,0.8188
0.8160,19.5000,0.8191
0.8160,20.0000,0.8194
0.8160,20.5000,0.8198
0.8160,21.0000,0.8201
0.8160,21.5000,0.8205
0.8160,22.0000,0.8208
0.8160,22.5000,0.8211
0.8160,23.0000,0.8215
0.8160,23.5000,0.8218
0.8160,24.0000,0.8222
0.8160,24.5000,0.8225
0.8160,25.0000,0.8228
0.8160,25.5000,0.8232
0.8160,26.0000,0.8235
0.8160,26.5000,0.8238
0.8160,27.0000,0.8242
0.8160,27.5000,0.8245
0.8160,28.0000,0.8249
0.8160,28.5000,0.8252
0.8160,29.0000,0.8255
0.8160,29.5000,0.8259
0.8160,30.0000,0.8262
0.8160,30.5000,0.8265
0.8160,31.0000,0.8269
0.8160,31.5000,0.8272
0.8160,32.0000,0.8275
0.8160,32.5000,0.8279
0.8160,33.0000,0.8282
0.8160,33.5000,0.8285
0.8160,34.0000,0.8289
0.8160,34.5000,0.8292
0.8160,35.0000,0.8295
0.8160,35.5000,0.8299
0.8160,36.0000,0.8302
0.8160,36.5000,0.8305
0.8160,37.0000,0.8308
0.8160,37.5000,0.8312
0.8160,38.0000,0.8315
0.8160,38.5000,0.8318
0.8160,39.0000,0.8322
0.8160,39.5000,0.8325
0.8160,40.0000,0.8328
0.8160,40.5000,0.8332
0.8160,41.0000,0.8335
0.8160,41.5000,0.8338
0.8160,42.0000,0.8341
0.8160,42.5000,0.8345
0.8160,43.0000,0.8348
0.8160,43.5000,0.8351
0.8160,44.0000,0.8355
0.8160,44.5000,0.8358
0.8160,45.0000,0.8361
0.8160,45.5000,0.8364
0.8160,46.0000,0.8368
0.8160,46.5000,0.8371
0.8160,47.0000,0.8374
0.8160,47.5000,0.8377
0.8160,48.0000,0.8381
0.8160,48.5000,0.8384
0.8160,49.0000,0.8387
0.8160,49.5000,0.8390
0.8160,50.0000,0.8394
0.8170,10.0000,0.8135
0.8170,10.5000,0.8139
0.8170,11.0000,0.8143
0.8170,11.5000,0.8146
0.8170,12.0000,0.8149
0.8170,12.5000,0.8153
0.8170,13.0000,0.8156
0.8170,13.5000,0.8160
0.8170,14.0000,0.8163
0.8170,14.5000,0.8167
0.8170,15.0000,0.8170
0.8170,15.5000,0.8173
0.8170,16.0000,0.8177
0.8170,16.5000,0.8180
0.8170,17.0000,0.8184
0.8170,17.5000,0.8187
0.8170,18.0000,0.8191
0.8170,18.5000,0.8194
0.8170,19.0000,0.8197
0.8170,19.5000,0.8201
0.8170,20.0000,0.8204
0.8170,20.5000,0.8208
0.8170,21.0000,0.8211
0.8170,21.5000,0.8215
0.8170,22.0000,0.8218
0.8170,22.5000,0.8221
0.8170,23.0000,0.8225
0.8170,23.5000,0.8228
0.8170,24.0000,0.8232
0.8170,24.5000,0.8235
0.8170,25.0000,0.8238
0.8170,25.5000,0.8242
0.8170,26.0000,0.8245
0.8170,26.5000,0.8248
0.8170,27.0000,0.8252
0.8170,27.5000,0.8255
0.8170,28.0000,0.8258
0.8170,28.5000,0.8262
0.8170,29.0000,0.8265
0.8170,29.5000,0.8268
0.8170,30.0000,0.8272
0.8170,30.5000,0.8275
0.8170,31.0000,0.8278
0.8170,31.5000,0.8282
0.8170,32.0000,0.8285
0.8170,32.5000,0.8288
0.8170,33.0000,0.8292
0.8170,33.5000,0.8295
0.8170,34.0000,0.8298
0.8170,34.5000,0.8302
0.8170,35.0000,0.8305
0.8170,35.5000,0.8308
0.8170,36.0000,0.8312
0.8170,36.5000,0.8315
0.8170,37.0000,0.8318
0.8170,37.5000,0.8322
0.8170,38.0000,0.8325
0.8170,38.5000,0.8328
0.8170,39.0000,0.8332
0.8170,39.5000,0.8335
0.8170,40.0000,0.8338
0.8170,40.5000,0.8341
0.8170,41.0000,0.8345
0.8170,41.5000,0.8348
0.8170,42.0000,0.8351
0.8170,42.5000,0.8355
0.8170,43.0000,0.8358
0.8170,43.5000,0.8361
0.8170,44.0000,0.8364
0.8170,44.5000,0.8368
0.8170,45.0000,0.8371
0.8170,45.5000,0.8374
0.8170,46.0000,0.8377
0.8170,46.5000,0.8381
0.8170,47.0000,0.8384
0.8170,47.5000,0.8387
0.8170,48.0000,0.8390
0.8170,48.5000,0.8394
0.8170,49.0000,0.8397
0.8170,49.5000,0.8400
0.8170,50.0000,0.8403
0.8180,10.0000,0.8145
0.8180,10.5000,0.8149
0.8180,11.0000,0.8152
0.8180,11.5000,0.8156
0.8180,12.0000,0.8159
0.8180,12.5000,0.8163
0.8180,13.0000,0.8166
0.8180,13.5000,0.8170
0.8180,14.0000,0.8173
0.8180,14.5000,0.8177
0.8180,15.0000,0.8180
0.8180,15.5000,0.8183
0.8180,16.0000,0.8187
0.8180,16.5000,0.8190
0.8180,17.0000,0.8194
0.8180,17.5000,0.8197
0.8180,18.0000,0.8201
0.8180,18.5000,0.8204
0.8180,19.0000,0.8207
0.8180,19.5000,0.8211
0.8180,20.0000,0.8214
0.8180,20.5000,0.8218
0.8180,21.0000,0.8221
0.8180,21.5000,0.8224
0.8180,22.0000,0.8228
0.8180,22.5000,0.8231
0.8180,23.0000,0.8235
0.8180,23.5000,0.8238
0.8180,24.0000,0.8241
0.8180,24.5000,0.8245
0.8180,25.0000,0.8248
0.8180,25.5000,0.8252
0.8180,26.0000,0.8255
0.8180,26.5000,0.8258
0.8180,27.0000,0.8262
0.8180,27.5000,0.8265
0.8180,28.0000,0.8268
0.8180,28.5000,0.8272
0.8180,29.0000,0.8275
0.8180,29.5000,0.8278
0.8180,30.0000,0.8282
0.8180,30.5000,0.8285
0.8180,31.0000,0.8288
0.8180,31.5000,0.8292
0.8180,32.0000,0.8295
0.8180,32.5000,0.8298
0.8180,33.0000,0.8302
0.8180,33.5000,0.8305
0.8180,34.0000,0.8308
0.8180,34.5000,0.8312
0.8180,35.0000,0.8315
0.8180,35.5000,0.8318
0.8180,36.0000,0.8322
0.8180,36.5000,0.8325
0.8180,37.0000,0.8328
0.8180,37.5000,0.8331
0.8180,38.0000,0.8335
0.8180,38.5000,0.8338
0.8180,39.0000,0.8341
0.8180,39.5000,0.8345
0.8180,40.0000,0.8348
0.8180,40.5000,0.8351
0.8180,41.0000,0.8354
0.8180,41.5000,0.8358
0.8180,42.0000,0.8361
0.8180,42.5000,0.8364
0.8180,43.0000,0.8368
0.8180,43.5000,0.8371
0.8180,44.0000,0.8374
0.8180,44.5000,0.8377
0.8180,45.0000,0.8381
0.8180,45.5000,0.8384
0.8180,46.0000,0.8387
0.8180,46.5000,0.8390
0.8180,47.0000,0.8394
0.8180,47.5000,0.8397
0.8180,48.0000,0.8400
0.8180,48.5000,0.8403
0.8180,49.0000,0.8407
0.8180,49.5000,0.8410
0.8180,50.0000,0.8413
0.8190,10.0000,0.8155
0.8190,10.5000,0.8159
0.8190,11.0000,0.8162
0.8190,11.5000,0.8166
0.8190,12.0000,0.8169
0.8190,12.5000,0.8173
0.8190,13.0000,0.8176
0.8190,13.5000,0.8180
0.8190,14.0000,0.8183
0.8190,14.5000,0.8187
0.8190,15.0000,0.8190
0.8190,15.5000,0.8193
0.8190,16.0000,0.8197
0.8190,16.5000,0.8200
0.8190,17.0000,0.8204
0.8190,17.5000,0.8207
0.8190,18.0000,0.8211
0.8190,18.5000,0.8214
0.8190,19.0000,0.8217
0.8190,19.5000,0.8221
0.8190,20.0000,0.8224
0.8190,20.5000,0.8228
0.8190,21.0000,0.8231
0.8190,21.5000,0.8234
0.8190,22.0000,0.8238
0.8190,22.5000,0.8241
0.8190,23.0000,0.8245
0.8190,23.5000,0.8248
0.8190,24.0000,0.8251
0.8190,24.5000,0.8255
0.8190,25.0000,0.8258
0.8190,25.5000,0.8261
0.8190,26.0000,0.8265
0.8190,26.5000,0.8268
0.8190,27.0000,0.8271
0.8190,27.5000,0.8275
0.8190,28.0000,0.8278
0.8190,28.5000,0.8282
0.8190,29.0000,0.8285
0.8190,29.5000,0.8288
0.8190,30.0000,0.8292
0.8190,30.5000,0.8295
0.8190,31.0000,0.8298
0.8190,31.5000,0.8302
0.8190,32.0000,0.8305
0.8190,32.5000,0.8308
0.8190,33.0000,0.8312
0.8190,33.5000,0.8315
0.8190,34.0000,0.8318
0.8190,34.5000,0.8321
0.8190,35.0000,0.8325
0.8190,35.5000,0.8328
0.8190,36.0000,0.8331
0.8190,36.5000,0.8335
0.8190,37.0000,0.8338
0.8190,37.5000,0.8341
0.8190,38.0000,0.8345
0.8190,38.5000,0.8348
0.8190,39.0000,0.8351
0.8190,39.5000,0.8354
0.8190,40.0000,0.8358
0.8190,40.5000,0.8361
0.8190,41.0000,0.8364
0.8190,41.5000,0.8368
0.8190,42.0000,0.8371
0.8190,42.5000,0.8374
0.8190,43.0000,0.8377
0.8190,43.5000,0.8381
0.8190,44.0000,0.8384
0.8190,44.5000,0.8387
0.8190,45.0000,0.8390
0.8190,45.5000,0.8394
0.8190,46.0000,0.8397
0.8190,46.5000,0.8400
0.8190,47.0000,0.8403
0.8190,47.5000,0.8407
0.8190,48.0000,0.8410
0.8190,48.5000,0.8413
0.8190,49.0000,0.8416
0.8190,49.5000,0.8419
0.8190,50.0000,0.8423
0.8200,10.0000,0.8165
0.8200,10.5000,0.8169
0.8200,11.0000,0.8172
0.8200,11.5000,0.8176
0.8200,12.0000,0.8179
0.8200,12.5000,0.8183
0.8200,13.0000,0.8186
0.8200,13.5000,0.8190
0.8200,14.0000,0.8193
0.8200,14.5000,0.8197
0.8200,15.0000,0.8200
0.8200,15.5000,0.8203
0.8200,16.0000,0.8207
0.8200,16.5000,0.8210
0.8200,17.0000,0.8214
0.8200,17.5000,0.8217
0.8200,18.0000,0.8221
0.8200,18.5000,0.8224
0.8200,19.0000,0.8227
0.8200,19.5000,0.8231
0.8200,20.0000,0.8234
0.8200,20.5000,0.8238
0.8200,21.0000,0.8241
0.8200,21.5000,0.8244
0.8200,22.0000,0.8248
0.8200,22.5000,0.8251
0.8200,23.0000,0.8254
0.8200,23.5000,0.8258
0.8200,24.0000,0.8261
0.8200,24.5000,0.8265
0.8200,25.0000,0.8268
0.8200,25.5000,0.8271
0.8200,26.0000,0.8275
0.8200,26.5000,0.8278
0.8200,27.0000,0.8281
0.8200,27.5000,0.8285
0.8200,28.0000,0.8288
0.8200,28.5000,0.8291
0.8200,29.0000,0.8295
0.8200,29.5000,0.8298
0.8200,30.0000,0.8301
0.8200,30.5000,0.8305
0.8200,31.0000,0.8308
0.8200,31.5000,0.8311
0.8200,32.0000,0.8315
0.8200,32.5000,0.8318
0.8200,33.0000,0.8321
0.8200,33.5000,0.8325
0.8200,34.0000,0.8328
0.8200,34.5000,0.8331
0.8200,35.0000,0.8335
0.8200,35.5000,0.8338
0.8200,36.0000,0.8341
0.8200,36.5000,0.8345
0.8200,37.0000,0.8348
0.8200,37.5000,0.8351
0.8200,38.0000,0.8354
0.8200,38.5000,0.8358
0.8200,39.0000,0.8361
0.8200,39.5000,0.8364
0.8200,40.0000,0.8368
0.8200,40.5000,0.8371
0.8200,41.0000,0.8374
0.8200,41.5000,0.8377
0.8200,42.0000,0.8381
0.8200,42.5000,0.8384
0.8200,43.0000,0.8387
0.8200,43.5000,0.8390
0.8200,44.0000,0.8394
0.8200,44.5000,0.8397
0.8200,45.0000,0.8400
0.8200,45.5000,0.8403
0.8200,46.0000,0.8407
0.8200,46.5000,0.8410
0.8200,47.0000,0.8413
0.8200,47.5000,0.8416
0.8200,48.0000,0.8420
0.8200,48.5000,0.8423
0.8200,49.0000,0.8426
0.8200,49.5000,0.8429
0.8200,50.0000,0.8432
0.8210,10.0000,0.8176
0.8210,10.5000,0.8179
0.8210,11.0000,0.8182
0.8210,11.5000,0.8186
0.8210,12.0000,0.8189
0.8210,12.5000,0.8193
0.8210,13.0000,0.8196
0.8210,13.5000,0.8200
0.8210,14.0000,0.8203
0.8210,14.5000,0.8207
0.8210,15.0000,0.8210
0.8210,15.5000,0.8213
0.8210,16.0000,0.8217
0.8210,16.5000,0.8220
0.8210,17.0000,0.8224
0.8210,17.5000,0.8227
0.8210,18.0000,0.8231
0.8210,18.5000,0.8234
0.8210,19.0000,0.8237
0.8210,19.5000,0.8241
0.8210,20.0000,0.8244
0.8210,20.5000,0.8248
0.8210,21.0000,0.8251
0.8210,21.5000,0.8254
0.8210,22.0000,0.8258
0.8210,22.5000,0.8261
0.8210,23.0000,0.8264
0.8210,23.5000,0.8268
0.8210,24.0000,0.8271
0.8210,24.5000,0.8274
0.8210,25.0000,0.8278
0.8210,25.5000,0.8281
0.8210,26.0000,0.8285
0.8210,26.5000,0.8288
0.8210,27.0000,0.8291
0.8210,27.5000,0.8295
0.8210,28.0000,0.8298
0.8210,28.5000,0.8301
0.8210,29.0000,0.8305
0.8210,29.5000,0.8308
0.8210,30.0000,0.8311
0.8210,30.5000,0.8315
0.8210,31.0000,0.8318
0.8210,31.5000,0.8321
0.8210,32.0000,0.8325
0.8210,32.5000,0.8328
0.8210,33.0000,0.8331
0.8210,33.5000,0.8335
0.8210,34.0000,0.8338
0.8210,34.5000,0.8341
0.8210,35.0000,0.8344
0.8210,35.5000,0.8348
0.8210,36.0000,0.8351
0.8210,36.5000,0.8354
0.8210,37.0000,0.8358
0.8210,37.5000,0.8361
0.8210,38.0000,0.8364
0.8210,38.5000,0.8368
0.8210,39.0000,0.8371
0.8210,39.5000,0.8374
0.8210,40.0000,0.8377
0.8210,40.5000,0.8381
0.8210,41.0000,0.8384
0.8210,41.5000,0.8387
0.8210,42.0000,0.8390
0.8210,42.5000,0.8394
0.8210,43.0000,0.8397
0.8210,43.5000,0.8400
0.8210,44.0000,0.8403
0.8210,44.5000,0.8407
0.8210,45.0000,0.8410
0.8210,45.5000,0.8413
0.8210,46.0000,0.8416
0.8210,46.5000,0.8420
0.8210,47.0000,0.8423
0.8210,47.5000,0.8426
0.8210,48.0000,0.8429
0.8210,48.5000,0.8433
0.8210,49.0000,0.8436
0.8210,49.5000,0.8439
0.8210,50.0000,0.8442
0.8220,10.0000,0.8186
0.8220,10.5000,0.8189
0.8220,11.0000,0.8192
0.8220,11.5000,0.8196
0.8220,12.0000,0.8199
0.8220,12.5000,0.8203
0.8220,13.0000,0.8206
0.8220,13.5000,0.8210
0.8220,14.0000,0.8213
0.8220,14.5000,0.8217
0.8220,15.0000,0.8220
0.8220,15.5000,0.8223
0.8220,16.0000,0.8227
0.8220,16.5000,0.8230
0.8220,17.0000,0.8234
0.8220,17.5000,0.8237
0.8220,18.0000,0.8240
0.8220,18.5000,0.8244
0.8220,19.0000,0.8247
0.8220,19.5000,0.8251
0.8220,20.0000,0.8254
0.8220,20.5000,0.8257
0.8220,21.0000,0.8261
0.8220,21.5000,0.8264
0.8220,22.0000,0.8268
0.8220,22.5000,0.8271
0.8220,23.0000,0.8274
0.8220,23.5000,0.8278
0.8220,24.0000,0.8281
0.8220,24.5000,0.8284
0.8220,25.0000,0.8288
0.8220,25.5000,0.8291
0.8220,26.0000,0.8294
0.8220,26.5000,0.8298
0.8220,27.0000,0.8301
0.8220,27.5000,0.8304
0.8220,28.0000,0.8308
0.8220,28.5000,0.8311
0.8220,29.0000,0.8315
0.8220,29.5000,0.8318
0.8220,30.0000,0.8321
0.8220,30.5000,0.8324
0.8220,31.0000,0.8328
0.8220,31.5000,0.8331
0.8220,32.0000,0.8334
0.8220,32.5000,0.8338
0.8220,33.0000,0.8341
0.8220,33.5000,0.8344
0.8220,34.0000,0.8348
0.8220,34.5000,0.8351
0.8220,35.0000,0.8354
0.8220,35.5000,0.8358
0.8220,36.0000,0.8361
0.8220,36.5000,0.8364
0.8220,37.0000,0.8367
0.8220,37.5000,0.8371
0.8220,38.0000,0.8374
0.8220,38.5000,0.8377
0.8220,39.0000,0.8381
0.8220,39.5000,0.8384
0.8220,40.0000,0.8387
0.8220,40.5000,0.8390
0.8220,41.0000,0.8394
0.8220,41.5000,0.8397
0.8220,42.0000,0.8400
0.8220,42.5000,0.8403
0.8220,43.0000,0.8407
0.8220,43.5000,0.8410
0.8220,44.0000,0.8413
0.8220,44.5000,0.8416
0.8220,45.0000,0.8420
0.8220,45.5000,0.8423
0.8220,46.0000,0.8426
0.8220,46.5000,0.8429
0.8220,47.0000,0.8433
0.8220,47.5000,0.8436
0.8220,48.0000,0.8439
0.8220,48.5000,0.8442
0.8220,49.0000,0.8445
0.8220,49.5000,0.8449
0.8220,50.0000,0.8452
0.8230,10.0000,0.8196
0.8230,10.5000,0.8199
0.8230,11.0000,0.8203
0.8230,11.5000,0.8206
0.8230,12.0000,0.8209
0.8230,12.5000,0.8213
0.8230,13.0000,0.8216
0.8230,13.5000,0.8220
0.8230,14.0000,0.8223
0.8230,14.5000,0.8227
0.8230,15.0000,0.8230
0.8230,15.5000,0.8233
0.8230,16.0000,0.8237
0.8230,16.5000,0.8240
0.8230,17.0000,0.8244
0.8230,17.5000,0.8247
0.8230,18.0000,0.8250
0.8230,18.5000,0.8254
0.8230,19.0000,0.8257
0.8230,19.5000,0.8261
0.8230,20.0000,0.8264
0.8230,20.5000,0.8267
0.8230,21.0000,0.8271
0.8230,21.5000,0.8274
0.8230,22.0000,0.8278
0.8230,22.5000,0.8281
0.8230,23.0000,0.8284
0.8230,23.5000,0.8288
0.8230,24.0000,0.8291
0.8230,24.5000,0.8294
0.8230,25.0000,0.8298
0.8230,25.5000,0.8301
0.8230,26.0000,0.8304
0.8230,26.5000,0.8308
0.8230,27.0000,0.8311
0.8230,27.5000,0.8314
0.8230,28.0000,0.8318
0.8230,28.5000,0.8321
0.8230,29.0000,0.8324
0.8230,29.5000,0.8328
0.8230,30.0000,0.8331
0.8230,30.5000,0.8334
0.8230,31.0000,0.8338
0.8230,31.5000,0.8341
0.8230,32.0000,0.8344
0.8230,32.5000,0.8348
0.8230,33.0000,0.8351
0.8230,33.5000,0.8354
0.8230,34.0000,0.8358
0.8230,34.5000,0.8361
0.8230,35.0000,0.8364
0.8230,35.5000,0.8367
0.8230,36.0000,0.8371
0.8230,36.5000,0.8374
0.8230,37.0000,0.8377
0.8230,37.5000,0.8381
0.8230,38.0000,0.8384
0.8230,38.5000,0.8387
0.8230,39.0000,0.8390
0.8230,39.5000,0.8394
0.8230,40.0000,0.8397
0.8230,40.5000,0.8400
0.8230,41.0000,0.8403
0.8230,41.5000,0.8407
0.8230,42.0000,0.8410
0.8230,42.5000,0.8413
0.8230,43.0000,0.8416
0.8230,43.5000,0.8420
0.8230,44.0000,0.8423
0.8230,44.5000,0.8426
0.8230,45.0000,0.8429
0.8230,45.5000,0.8433
0.8230,46.0000,0.8436
0.8230,46.5000,0.8439
0.8230,47.0000,0.8442
0.8230,47.5000,0.8446
0.8230,48.0000,0.8449
0.8230,48.5000,0.8452
0.8230,49.0000,0.8455
0.8230,49.5000,0.8458
0.8230,50.0000,0.8462
0.8240,10.0000,0.8206
0.8240,10.5000,0.8209
0.8240,11.0000,0.8213
0.8240,11.5000,0.8216
0.8240,12.0000,0.8219
0.8240,12.5000,0.8223
0.8240,13.0000,0.8226
0.8240,13.5000,0.8230
0.8240,14.0000,0.8233
0.8240,14.5000,0.8237
0.8240,15.0000,0.8240
0.8240,15.5000,0.8243
0.8240,16.0000,0.8247
0.8240,16.5000,0.8250
0.8240,17.0000,0.8254
0.8240,17.5000,0.8257
0.8240,18.0000,0.8260
0.8240,18.5000,0.8264
0.8240,19.0000,0.8267
0.8240,19.5000,0.8271
0.8240,20.0000,0.8274
0.8240,20.5000,0.8277
0.8240,21.0000,0.8281
0.8240,21.5000,0.8284
0.8240,22.0000,0.8287
0.8240,22.5000,0.8291
0.8240,23.0000,0.8294
0.8240,23.5000,0.8298
0.8240,24.0000,0.8301
0.8240,24.5000,0.8304
0.8240,25.0000,0.8308
0.8240,25.5000,0.8311
0.8240,26.0000,0.8314
0.8240,26.5000,0.8318
0.8240,27.0000,0.8321
0.8240,27.5000,0.8324
0.8240,28.0000,0.8328
0.8240,28.5000,0.8331
0.8240,29.0000,0.8334
0.8240,29.5000,0.8338
0.8240,30.0000,0.8341
0.8240,30.5000,0.8344
0.8240,31.0000,0.8348
0.8240,31.5000,0.8351
0.8240,32.0000,0.8354
0.8240,32.5000,0.8358
0.8240,33.0000,0.8361
0.8240,33.5000,0.8364
0.8240,34.0000,0.8367
0.8240,34.5000,0.8371
0.8240,35.0000,0.8374
0.8240,35.5000,0.8377
0.8240,36.0000,0.8381
0.8240,36.5000,0.8384
0.8240,37.0000,0.8387
0.8240,37.5000,0.8390
0.8240,38.0000,0.8394
0.8240,38.5000,0.8397
0.8240,39.0000,0.8400
0.8240,39.5000,0.8403
0.8240,40.0000,0.8407
0.8240,40.5000,0.8410
0.8240,41.0000,0.8413
0.8240,41.5000,0.8417
0.8240,42.0000,0.8420
0.8240,42.5000,0.8423
0.8240,43.0000,0.8426
0.8240,43.5000,0.8430
0.8240,44.0000,0.8433
0.8240,44.5000,0.8436
0.8240,45.0000,0.8439
0.8240,45.5000,0.8442
0.8240,46.0000,0.8446
0.8240,46.5000,0.8449
0.8240,47.0000,0.8452
0.8240,47.5000,0.8455
0.8240,48.0000,0.8459
0.8240,48.5000,0.8462
0.8240,49.0000,0.8465
0.8240,49.5000,0.8468
0.8240,50.0000,0.8471
0.8250,10.0000,0.8216
0.8250,10.5000,0.8219
0.8250,11.0000,0.8223
0.8250,11.5000,0.8226
0.8250,12.0000,0.8229
0.8250,12.5000,0.8233
0.8250,13.0000,0.8236
0.8250,13.5000,0.8240
0.8250,14.0000,0.8243
0.8250,14.5000,0.8247
0.8250,15.0000,0.8250
0.8250,15.5000,0.8253
0.8250,16.0000,0.8257
0.8250,16.5000,0.8260
0.8250,17.0000,0.8264
0.8250,17.5000,0.8267
0.8250,18.0000,0.8270
0.8250,18.5000,0.8274
0.8250,19.0000,0.8277
0.8250,19.5000,0.8281
0.8250,20.0000,0.8284
0.8250,20.5000,0.8287
0.8250,21.0000,0.8291
0.8250,21.5000,0.8294
0.8250,22.0000,0.8297
0.8250,22.5000,0.8301
0.8250,23.0000,0.8304
0.8250,23.5000,0.8307
0.8250,24.0000,0.8311
0.8250,24.5000,0.8314
0.8250,25.0000,0.8318
0.8250,25.5000,0.8321
0.8250,26.0000,0.8324
0.8250,26.5000,0.8328
0.8250,27.0000,0.8331
0.8250,27.5000,0.8334
0.8250,28.0000,0.8338
0.8250,28.5000,0.8341
0.8250,29.0000,0.8344
0.8250,29.5000,0.8348
0.8250,30.0000,0.8351
0.8250,30.5000,0.8354
0.8250,31.0000,0.8357
0.8250,31.5000,0.8361
0.8250,32.0000,0.8364
0.8250,32.5000,0.8367
0.8250,33.0000,0.8371
0.8250,33.5000,0.8374
0.8250,34.0000,0.8377
0.8250,34.5000,0.8381
0.8250,35.0000,0.8384
0.8250,35.5000,0.8387
0.8250,36.0000,0.8390
0.8250,36.5000,0.8394
0.8250,37.0000,0.8397
0.8250,37.5000,0.8400
0.8250,38.0000,0.8404
0.8250,38.5000,0.8407
0.8250,39.0000,0.8410
0.8250,39.5000,0.8413
0.8250,40.0000,0.8417
0.8250,40.5000,0.8420
0.8250,41.0000,0.8423
0.8250,41.5000,0.8426
0.8250,42.0000,0.8430
0.8250,42.5000,0.8433
0.8250,43.0000,0.8436
0.8250,43.5000,0.8439
0.8250,44.0000,0.8443
0.8250,44.5000,0.8446
0.8250,45.0000,0.8449
0.8250,45.5000,0.8452
0.8250,46.0000,0.8455
0.8250,46.5000,0.8459
0.8250,47.0000,0.8462
0.8250,47.5000,0.8465
0.8250,48.0000,0.8468
0.8250,48.5000,0.8471
0.8250,49.0000,0.8475
0.8250,49.5000,0.8478
0.8250,50.0000,0.8481
0.8260,10.0000,0.8226
0.8260,10.5000,0.8229
0.8260,11.0000,0.8233
0.8260,11.5000,0.8236
0.8260,12.0000,0.8240
0.8260,12.5000,0.8243
0.8260,13.0000,0.8246
0.8260,13.5000,0.8250
0.8260,14.0000,0.8253
0.8260,14.5000,0.8257
0.8260,15.0000,0.8260
0.8260,15.5000,0.8263
0.8260,16.0000,0.8267
0.8260,16.5000,0.8270
0.8260,17.0000,0.8274
0.8260,17.5000,0.8277
0.8260,18.0000,0.8280
0.8260,18.5000,0.8284
0.8260,19.0000,0.8287
0.8260,19.5000,0.8290
0.8260,20.0000,0.8294
0.8260,20.5000,0.8297
0.8260,21.0000,0.8301
0.8260,21.5000,0.8304
0.8260,22.0000,0.8307
0.8260,22.5000,0.8311
0.8260,23.0000,0.8314
0.8260,23.5000,0.8317
0.8260,24.0000,0.8321
0.8260,24.5000,0.8324
0.8260,25.0000,0.8327
0.8260,25.5000,0.8331
0.8260,26.0000,0.8334
0.8260,26.5000,0.8337
0.8260,27.0000,0.8341
0.8260,27.5000,0.8344
0.8260,28.0000,0.8347
0.8260,28.5000,0.8351
0.8260,29.0000,0.8354
0.8260,29.5000,0.8357
0.8260,30.0000,0.8361
0.8260,30.5000,0.8364
0.8260,31.0000,0.8367
0.8260,31.5000,0.8371
0.8260,32.0000,0.8374
0.8260,32.5000,0.8377
0.8260,33.0000,0.8381
0.8260,33.5000,0.8384
0.8260,34.0000,0.8387
0.8260,34.5000,0.8390
0.8260,35.0000,0.8394
0.8260,35.5000,0.8397
0.8260,36.0000,0.8400
0.8260,36.5000,0.8404
0.8260,37.0000,0.8407
0.8260,37.5000,0.8410
0.8260,38.0000,0.8413
0.8260,38.5000,0.8417
0.8260,39.0000,0.8420
0.8260,39.5000,0.8423
0.8260,40.0000,0.8426
0.8260,40.5000,0.8430
0.8260,41.0000,0.8433
0.8260,41.5000,0.8436
0.8260,42.0000,0.8439
0.8260,42.5000,0.8443
0.8260,43.0000,0.8446
0.8260,43.5000,0.8449
0.8260,44.0000,0.8452
0.8260,44.5000,0.8456
0.8260,45.0000,0.8459
0.8260,45.5000,0.8462
0.8260,46.0000,0.8465
0.8260,46.5000,0.8468
0.8260,47.0000,0.8472
0.8260,47.5000,0.8475
0.8260,48.0000,0.8478
0.8260,48.5000,0.8481
0.8260,49.0000,0.8484
0.8260,49.5000,0.8488
0.8260,50.0000,0.8491
0.8270,10.0000,0.8236
0.8270,10.5000,0.8239
0.8270,11.0000,0.8243
0.8270,11.5000,0.8246
0.8270,12.0000,0.8250
0.8270,12.5000,0.8253
0.8270,13.0000,0.8256
0.8270,13.5000,0.8260
0.8270,14.0000,0.8263
0.8270,14.5000,0.8267
0.8270,15.0000,0.8270
0.8270,15.5000,0.8273
0.8270,16.0000,0.8277
0.8270,16.5000,0.8280
0.8270,17.0000,0.8284
0.8270,17.5000,0.8287
0.8270,18.0000,0.8290
0.8270,18.5000,0.8294
0.8270,19.0000,0.8297
0.8270,19.5000,0.8300
0.8270,20.0000,0.8304
0.8270,20.5000,0.8307
0.8270,21.0000,0.8311
0.8270,21.5000,0.8314
0.8270,22.0000,0.8317
0.8270,22.5000,0.8321
0.8270,23.0000,0.8324
0.8270,23.5000,0.8327
0.8270,24.0000,0.8331
0.8270,24.5000,0.8334
0.8270,25.0000,0.8337
0.8270,25.5000,0.8341
0.8270,26.0000,0.8344
0.8270,26.5000,0.8347
0.8270,27.0000,0.8351
0.8270,27.5000,0.8354
0.8270,28.0000,0.8357
0.8270,28.5000,0.8361
0.8270,29.0000,0.8364
0.8270,29.5000,0.8367
0.8270,30.0000,0.8371
0.8270,30.5000,0.8374
0.8270,31.0000,0.8377
0.8270,31.5000,0.8381
0.8270,32.0000,0.8384
0.8270,32.5000,0.8387
0.8270,33.0000,0.8390
0.8270,33.5000,0.8394
0.8270,34.0000,0.8397
0.8270,34.5000,0.8400
0.8270,35.0000,0.8404
0.8270,35.5000,0.8407
0.8270,36.0000,0.8410
0.8270,36.5000,0.8413
0.8270,37.0000,0.8417
0.8270,37.5000,0.8420
0.8270,38.0000,0.8423
0.8270,38.5000,0.8426
0.8270,39.0000,0.8430
0.8270,39.5000,0.8433
0.8270,40.0000,0.8436
0.8270,40.5000,0.8439
0.8270,41.0000,0.8443
0.8270,41.5000,0.8446
0.8270,42.0000,0.8449
0.8270,42.5000,0.8452
0.8270,43.0000,0.8456
0.8270,43.5000,0.8459
0.8270,44.0000,0.8462
0.8270,44.5000,0.8465
0.8270,45.0000,0.8469
0.8270,45.5000,0.8472
0.8270,46.0000,0.8475
0.8270,46.5000,0.8478
0.8270,47.0000,0.8481
0.8270,47.5000,0.8485
0.8270,48.0000,0.8488
0.8270,48.5000,0.8491
0.8270,49.0000,0.8494
0.8270,49.5000,0.8497
0.8270,50.0000,0.8500
0.8280,10.0000,0.8246
0.8280,10.5000,0.8249
0.8280,11.0000,0.8253
0.8280,11.5000,0.8256
0.8280,12.0000,0.8260
0.8280,12.5000,0.8263
0.8280,13.0000,0.8266
0.8280,13.5000,0.8270
0.8280,14.0000,0.8273
0.8280,14.5000,0.8277
0.8280,15.0000,0.8280
0.8280,15.5000,0.8283
0.8280,16.0000,0.8287
0.8280,16.5000,0.8290
0.8280,17.0000,0.8294
0.8280,17.5000,0.8297
0.8280,18.0000,0.8300
0.8280,18.5000,0.8304
0.8280,19.0000,0.8307
0.8280,19.5000,0.8310
0.8280,20.0000,0.8314
0.8280,20.5000,0.8317
0.8280,21.0000,0.8321
0.8280,21.5000,0.8324
0.8280,22.0000,0.8327
0.8280,22.5000,0.8331
0.8280,23.0000,0.8334
0.8280,23.5000,0.8337
0.8280,24.0000,0.8341
0.8280,24.5000,0.8344
0.8280,25.0000,0.8347
0.8280,25.5000,0.8351
0.8280,26.0000,0.8354
0.8280,26.5000,0.8357
0.8280,27.0000,0.8361
0.8280,27.5000,0.8364
0.8280,28.0000,0.8367
0.8280,28.5000,0.8371
0.8280,29.0000,0.8374
0.8280,29.5000,0.8377
0.8280,30.0000,0.8380
0.8280,30.5000,0.8384
0.8280,31.0000,0.8387
0.8280,31.5000,0.8390
0.8280,32.0000,0.8394
0.8280,32.5000,0.8397
0.8280,33.0000,0.8400
0.8280,33.5000,0.8404
0.8280,34.0000,0.8407
0.8280,34.5000,0.8410
0.8280,35.0000,0.8413
0.8280,35.5000,0.8417
0.8280,36.0000,0.8420
0.8280,36.5000,0.8423
0.8280,37.0000,0.8426
0.8280,37.5000,0.8430
0.8280,38.0000,0.8433
0.8280,38.5000,0.8436
0.8280,39.0000,0.8439
0.8280,39.5000,0.8443
0.8280,40.0000,0.8446
0.8280,40.5000,0.8449
0.8280,41.0000,0.8452
0.8280,41.5000,0.8456
0.8280,42.0000,0.8459
0.8280,42.5000,0.8462
0.8280,43.0000,0.8465
0.8280,43.5000,0.8469
0.8280,44.0000,0.8472
0.8280,44.5000,0.8475
0.8280,45.0000,0.8478
0.8280,45.5000,0.8481
0.8280,46.0000,0.8485
0.8280,46.5000,0.8488
0.8280,47.0000,0.8491
0.8280,47.5000,0.8494
0.8280,48.0000,0.8497
0.8280,48.5000,0.8501
0.8280,49.0000,0.8504
0.8280,49.5000,0.8507
0.8280,50.0000,0.8510
0.8290,10.0000,0.8256
0.8290,10.5000,0.8259
0.8290,11.0000,0.8263
0.8290,11.5000,0.8266
0.8290,12.0000,0.8270
0.8290,12.5000,0.8273
0.8290,13.0000,0.8276
0.8290,13.5000,0.8280
0.8290,14.0000,0.8283
0.8290,14.5000,0.8287
0.8290,15.0000,0.8290
0.8290,15.5000,0.8293
0.8290,16.0000,0.8297
0.8290,16.5000,0.8300
0.8290,17.0000,0.8304
0.8290,17.5000,0.8307
0.8290,18.0000,0.8310
0.8290,18.5000,0.8314
0.8290,19.0000,0.8317
0.8290,19.5000,0.8320
0.8290,20.0000,0.8324
0.8290,20.5000,0.8327
0.8290,21.0000,0.8330
0.8290,21.5000,0.8334
0.8290,22.0000,0.8337
0.8290,22.5000,0.8341
0.8290,23.0000,0.8344
0.8290,23.5000,0.8347
0.8290,24.0000,0.8351
0.8290,24.5000,0.8354
0.8290,25.0000,0.8357
0.8290,25.5000,0.8361
0.8290,26.0000,0.8364
0.8290,26.5000,0.8367
0.8290,27.0000,0.8371
0.8290,27.5000,0.8374
0.8290,28.0000,0.8377
0.8290,28.5000,0.8380
0.8290,29.0000,0.8384
0.8290,29.5000,0.8387
0.8290,30.0000,0.8390
0.8290,30.5000,0.8394
0.8290,31.0000,0.8397
0.8290,31.5000,0.8400
0.8290,32.0000,0.8404
0.8290,32.5000,0.8407
0.8290,33.0000,0.8410
0.8290,33.5000,0.8413
0.8290,34.0000,0.8417
0.8290,34.5000,0.8420
0.8290,35.0000,0.8423
0.8290,35.5000,0.8427
0.8290,36.0000,0.8430
0.8290,36.5000,0.8433
0.8290,37.0000,0.8436
0.8290,37.5000,0.8440
0.8290,38.0000,0.8443
0.8290,38.5000,0.8446
0.8290,39.0000,0.8449
0.8290,39.5000,0.8453
0.8290,40.0000,0.8456
0.8290,40.5000,0.8459
0.8290,41.0000,0.8462
0.8290,41.5000,0.8465
0.8290,42.0000,0.8469
0.8290,42.5000,0.8472
0.8290,43.0000,0.8475
0.8290,43.5000,0.8478
0.8290,44.0000,0.8482
0.8290,44.5000,0.8485
0.8290,45.0000,0.8488
0.8290,45.5000,0.8491
0.8290,46.0000,0.8494
0.8290,46.5000,0.8498
0.8290,47.0000,0.8501
0.8290,47.5000,0.8504
0.8290,48.0000,0.8507
0.8290,48.5000,0.8510
0.8290,49.0000,0.8514
0.8290,49.5000,0.8517
0.8290,50.0000,0.8520
0.8300,10.0000,0.8266
0.8300,10.5000,0.8269
0.8300,11.0000,0.8273
0.8300,11.5000,0.8276
0.8300,12.0000,0.8280
0.8300,12.5000,0.8283
0.8300,13.0000,0.8286
0.8300,13.5000,0.8290
0.8300,14.0000,0.8293
0.8300,14.5000,0.8297
0.8300,15.0000,0.8300
0.8300,15.5000,0.8303
0.8300,16.0000,0.8307
0.8300,16.5000,0.8310
0.8300,17.0000,0.8314
0.8300,17.5000,0.8317
0.8300,18.0000,0.8320
0.8300,18.5000,0.8324
0.8300,19.0000,0.8327
0.8300,19.5000,0.8330
0.8300,20.0000,0.8334
0.8300,20.5000,0.8337
0.8300,21.0000,0.8340
0.8300,21.5000,0.8344
0.8300,22.0000,0.8347
0.8300,22.5000,0.8350
0.8300,23.0000,0.8354
0.8300,23.5000,0.8357
0.8300,24.0000,0.8360
0.8300,24.5000,0.8364
0.8300,25.0000,0.8367
0.8300,25.5000,0.8370
0.8300,26.0000,0.8374
0.8300,26.5000,0.8377
0.8300,27.0000,0.8380
0.8300,27.5000,0.8384
0.8300,28.0000,0.8387
0.8300,28.5000,0.8390
0.8300,29.0000,0.8394
0.8300,29.5000,0.8397
0.8300,30.0000,0.8400
0.8300,30.5000,0.8404
0.8300,31.0000,0.8407
0.8300,31.5000,0.8410
0.8300,32.0000,0.8413
0.8300,32.5000,0.8417
0.8300,33.0000,0.8420
0.8300,33.5000,0.8423
0.8300,34.0000,0.8427
0.8300,34.5000,0.8430
0.8300,35.0000,0.8433
0.8300,35.5000,0.8436
0.8300,36.0000,0.8440
0.8300,36.5000,0.8443
0.8300,37.0000,0.8446
0.8300,37.5000,0.8449
0.8300,38.0000,0.8453
0.8300,38.5000,0.8456
0.8300,39.0000,0.8459
0.8300,39.5000,0.8462
0.8300,40.0000,0.8466
0.8300,40.5000,0.8469
0.8300,41.0000,0.8472
0.8300,41.5000,0.8475
0.8300,42.0000,0.8479
0.8300,42.5000,0.8482
0.8300,43.0000,0.8485
0.8300,43.5000,0.8488
0.8300,44.0000,0.8491
0.8300,44.5000,0.8494
0.8300,45.0000,0.8498
0.8300,45.5000,0.8501
0.8300,46.0000,0.8504
0.8300,46.5000,0.8507
0.8300,47.0000,0.8511
0.8300,47.5000,0.8514
0.8300,48.0000,0.8517
0.8300,48.5000,0.8520
0.8300,49.0000,0.8523
0.8300,49.5000,0.8527
0.8300,50.0000,0.8530
0.8310,10.0000,0.8276
0.8310,10.5000,0.8279
0.8310,11.0000,0.8283
0.8310,11.5000,0.8286
0.8310,12.0000,0.8290
0.8310,12.5000,0.8293
0.8310,13.0000,0.8296
0.8310,13.5000,0.8300
0.8310,14.0000,0.8303
0.8310,14.5000,0.8307
0.8310,15.0000,0.8310
0.8310,15.5000,0.8313
0.8310,16.0000,0.8317
0.8310,16.5000,0.8320
0.8310,17.0000,0.8324
0.8310,17.5000,0.8327
0.8310,18.0000,0.8330
0.8310,18.5000,0.8334
0.8310,19.0000,0.8337
0.8310,19.5000,0.8340
0.8310,20.0000,0.8344
0.8310,20.5000,0.8347
0.8310,21.0000,0.8350
0.8310,21.5000,0.8354
0.8310,22.0000,0.8357
0.8310,22.5000,0.8360
0.8310,23.0000,0.8364
0.8310,23.5000,0.8367
0.8310,24.0000,0.8370
0.8310,24.5000,0.8374
0.8310,25.0000,0.8377
0.8310,25.5000,0.8380
0.8310,26.0000,0.8384
0.8310,26.5000,0.8387
0.8310,27.0000,0.8390
0.8310,27.5000,0.8394
0.8310,28.0000,0.8397
0.8310,28.5000,0.8400
0.8310,29.0000,0.8404
0.8310,29.5000,0.8407
0.8310,30.0000,0.8410
0.8310,30.5000,0.8413
0.8310,31.0000,0.8417
0.8310,31.5000,0.8420
0.8310,32.0000,0.8423
0.8310,32.5000,0.8427
0.8310,33.0000,0.8430
0.8310,33.5000,0.8433
0.8310,34.0000,0.8436
0.8310,34.5000,0.8440
0.8310,35.0000,0.8443
0.8310,35.5000,0.8446
0.8310,36.0000,0.8449
0.8310,36.5000,0.8453
0.8310,37.0000,0.8456
0.8310,37.5000,0.8459
0.8310,38.0000,0.8462
0.8310,38.5000,0.8466
0.8310,39.0000,0.8469
0.8310,39.5000,0.8472
0.8310,40.0000,0.8475
0.8310,40.5000,0.8479
0.8310,41.0000,0.8482
0.8310,41.5000,0.8485
0.8310,42.0000,0.8488
0.8310,42.5000,0.8492
0.8310,43.0000,0.8495
0.8310,43.5000,0.8498
0.8310,44.0000,0.8501
0.8310,44.5000,0.8504
0.8310,45.0000,0.8508
0.8310,45.5000,0.8511
0.8310,46.0000,0.8514
0.8310,46.5000,0.8517
0.8310,47.0000,0.8520
0.8310,47.5000,0.8524
0.8310,48.0000,0.8527
0.8310,48.5000,0.8530
0.8310,49.0000,0.8533
0.8310,49.5000,0.8536
0.8310,50.0000,0.8540
0.8320,10.0000,0.8286
0.8320,10.5000,0.8289
0.8320,11.0000,0.8293
0.8320,11.5000,0.8296
0.8320,12.0000,0.8300
0.8320,12.5000,0.8303
0.8320,13.0000,0.8306
0.8320,13.5000,0.8310
0.8320,14.0000,0.8313
0.8320,14.5000,0.8317
0.8320,15.0000,0.8320
0.8320,15.5000,0.8323
0.8320,16.0000,0.8327
0.8320,16.5000,0.8330
0.8320,17.0000,0.8333
0.8320,17.5000,0.8337
0.8320,18.0000,0.8340
0.8320,18.5000,0.8344
0.8320,19.0000,0.8347
0.8320,19.5000,0.8350
0.8320,20.0000,0.8354
0.8320,20.5000,0.8357
0.8320,21.0000,0.8360
0.8320,21.5000,0.8364
0.8320,22.0000,0.8367
0.8320,22.5000,0.8370
0.8320,23.0000,0.8374
0.8320,23.5000,0.8377
0.8320,24.0000,0.8380
0.8320,24.5000,0.8384
0.8320,25.0000,0.8387
0.8320,25.5000,0.8390
0.8320,26.0000,0.8394
0.8320,26.5000,0.8397
0.8320,27.0000,0.8400
0.8320,27.5000,0.8404
0.8320,28.0000,0.8407
0.8320,28.5000,0.8410
0.8320,29.0000,0.8413
0.8320,29.5000,0.8417
0.8320,30.0000,0.8420
0.8320,30.5000,0.8423
0.8320,31.0000,0.8427
0.8320,31.5000,0.8430
0.8320,32.0000,0.8433
0.8320,32.5000,0.8436
0.8320,33.0000,0.8440
0.8320,33.5000,0.8443
0.8320,34.0000,0.8446
0.8320,34.5000,0.8450
0.8320,35.0000,0.8453
0.8320,35.5000,0.8456
0.8320,36.0000,0.8459
0.8320,36.5000,0.8463
0.8320,37.0000,0.8466
0.8320,37.5000,0.8469
0.8320,38.0000,0.8472
0.8320,38.5000,0.8476
0.8320,39.0000,0.8479
0.8320,39.5000,0.8482
0.8320,40.0000,0.8485
0.8320,40.5000,0.8488
0.8320,41.0000,0.8492
0.8320,41.5000,0.8495
0.8320,42.0000,0.8498
0.8320,42.5000,0.8501
0.8320,43.0000,0.8504
0.8320,43.5000,0.8508
0.8320,44.0000,0.8511
0.8320,44.5000,0.8514
0.8320,45.0000,0.8517
0.8320,45.5000,0.8521
0.8320,46.0000,0.8524
0.8320,46.5000,0.8527
0.8320,47.0000,0.8530
0.8320,47.5000,0.8533
0.8320,48.0000,0.8537
0.8320,48.5000,0.8540
0.8320,49.0000,0.8543
0.8320,49.5000,0.8546
0.8320,50.0000,0.8549
0.8330,10.0000,0.8296
0.8330,10.5000,0.8300
0.8330,11.0000,0.8303
0.8330,11.5000,0.8306
0.8330,12.0000,0.8310
0.8330,12.5000,0.8313
0.8330,13.0000,0.8316
0.8330,13.5000,0.8320
0.8330,14.0000,0.8323
0.8330,14.5000,0.8327
0.8330,15.0000,0.8330
0.8330,15.5000,0.8333
0.8330,16.0000,0.8337
0.8330,16.5000,0.8340
0.8330,17.0000,0.8343
0.8330,17.5000,0.8347
0.8330,18.0000,0.8350
0.8330,18.5000,0.8354
0.8330,19.0000,0.8357
0.8330,19.5000,0.8360
0.8330,20.0000,0.8364
0.8330,20.5000,0.8367
0.8330,21.0000,0.8370
0.8330,21.5000,0.8374
0.8330,22.0000,0.8377
0.8330,22.5000,0.8380
0.8330,23.0000,0.8384
0.8330,23.5000,0.8387
0.8330,24.0000,0.8390
0.8330,24.5000,0.8394
0.8330,25.0000,0.8397
0.8330,25.5000,0.8400
0.8330,26.0000,0.8404
0.8330,26.5000,0.8407
0.8330,27.0000,0.8410
0.8330,27.5000,0.8413
0.8330,28.0000,0.8417
0.8330,28.5000,0.8420
0.8330,29.0000,0.8423
0.8330,29.5000,0.8427
0.8330,30.0000,0.8430
0.8330,30.5000,0.8433
0.8330,31.0000,0.8436
0.8330,31.5000,0.8440
0.8330,32.0000,0.8443
0.8330,32.5000,0.8446
0.8330,33.0000,0.8450
0.8330,33.5000,0.8453
0.8330,34.0000,0.8456
0.8330,34.5000,0.8459
0.8330,35.0000,0.8463
0.8330,35.5000,0.8466
0.8330,36.0000,0.8469
0.8330,36.5000,0.8472
0.8330,37.0000,0.8476
0.8330,37.5000,0.8479
0.8330,38.0000,0.8482
0.8330,38.5000,0.8485
0.8330,39.0000,0.8489
0.8330,39.5000,0.8492
0.8330,40.0000,0.8495
0.8330,40.5000,0.8498
0.8330,41.0000,0.8501
0.8330,41.5000,0.8505
0.8330,42.0000,0.8508
0.8330,42.5000,0.8511
0.8330,43.0000,0.8514
0.8330,43.5000,0.8518
0.8330,44.0000,0.8521
0.8330,44.5000,0.8524
0.8330,45.0000,0.8527
0.8330,45.5000,0.8530
0.8330,46.0000,0.8534
0.8330,46.5000,0.8537
0.8330,47.0000,0.8540
0.8330,47.5000,0.8543
0.8330,48.0000,0.8546
0.8330,48.5000,0.8550
0.8330,49.0000,0.8553
0.8330,49.5000,0.8556
0.8330,50.0000,0.8559
0.8340,10.0000,0.8306
0.8340,10.5000,0.8310
0.8340,11.0000,0.8313
0.8340,11.5000,0.8316
0.8340,12.0000,0.8320
0.8340,12.5000,0.8323
0.8340,13.0000,0.8327
0.8340,13.5000,0.8330
0.8340,14.0000,0.8333
0.8340,14.5000,0.8337
0.8340,15.0000,0.8340
0.8340,15.5000,0.8343
0.8340,16.0000,0.8347
0.8340,16.5000,0.8350
0.8340,17.0000,0.8353
0.8340,17.5000,0.8357
0.8340,18.0000,0.8360
0.8340,18.5000,0.8364
0.8340,19.0000,0.8367
0.8340,19.5000,0.8370
0.8340,20.0000,0.8374
0.8340,20.5000,0.8377
0.8340,21.0000,0.8380
0.8340,21.5000,0.8384
0.8340,22.0000,0.8387
0.8340,22.5000,0.8390
0.8340,23.0000,0.8394
0.8340,23.5000,0.8397
0.8340,24.0000,0.8400
0.8340,24.5000,0.8404
0.8340,25.0000,0.8407
0.8340,25.5000,0.8410
0.8340,26.0000,0.8413
0.8340,26.5000,0.8417
0.8340,27.0000,0.8420
0.8340,27.5000,0.8423
0.8340,28.0000,0.8427
0.8340,28.5000,0.8430
0.8340,29.0000,0.8433
0.8340,29.5000,0.8437
0.8340,30.0000,0.8440
0.8340,30.5000,0.8443
0.8340,31.0000,0.8446
0.8340,31.5000,0.8450
0.8340,32.0000,0.8453
0.8340,32.5000,0.8456
0.8340,33.0000,0.8459
0.8340,33.5000,0.8463
0.8340,34.0000,0.8466
0.8340,34.5000,0.8469
0.8340,35.0000,0.8472
0.8340,35.5000,0.8476
0.8340,36.0000,0.8479
0.8340,36.5000,0.8482
0.8340,37.0000,0.8485
0.8340,37.5000,0.8489
0.8340,38.0000,0.8492
0.8340,38.5000,0.8495
0.8340,39.0000,0.8498
0.8340,39.5000,0.8502
0.8340,40.0000,0.8505
0.8340,40.5000,0.8508
0.8340,41.0000,0.8511
0.8340,41.5000,0.8514
0.8340,42.0000,0.8518
0.8340,42.5000,0.8521
0.8340,43.0000,0.8524
0.8340,43.5000,0.8527
0.8340,44.0000,0.8531
0.8340,44.5000,0.8534
0.8340,45.0000,0.8537
0.8340,45.5000,0.8540
0.8340,46.0000,0.8543
0.8340,46.5000,0.8547
0.8340,47.0000,0.8550
0.8340,47.5000,0.8553
0.8340,48.0000,0.8556
0.8340,48.5000,0.8559
0.8340,49.0000,0.8563
0.8340,49.5000,0.8566
0.8340,50.0000,0.8569
0.8350,10.0000,0.8316
0.8350,10.5000,0.8320
0.8350,11.0000,0.8323
0.8350,11.5000,0.8326
0.8350,12.0000,0.8330
0.8350,12.5000,0.8333
0.8350,13.0000,0.8337
0.8350,13.5000,0.8340
0.8350,14.0000,0.8343
0.8350,14.5000,0.8347
0.8350,15.0000,0.8350
0.8350,15.5000,0.8353
0.8350,16.0000,0.8357
0.8350,16.5000,0.8360
0.8350,17.0000,0.8363
0.8350,17.5000,0.8367
0.8350,18.0000,0.8370
0.8350,18.5000,0.8374
0.8350,19.0000,0.8377
0.8350,19.5000,0.8380
0.8350,20.0000,0.8384
0.8350,20.5000,0.8387
0.8350,21.0000,0.8390
0.8350,21.5000,0.8394
0.8350,22.0000,0.8397
0.8350,22.5000,0.8400
0.8350,23.0000,0.8403
0.8350,23.5000,0.8407
0.8350,24.0000,0.8410
0.8350,24.5000,0.8413
0.8350,25.0000,0.8417
0.8350,25.5000,0.8420
0.8350,26.0000,0.8423
0.8350,26.5000,0.8427
0.8350,27.0000,0.8430
0.8350,27.5000,0.8433
0.8350,28.0000,0.8437
0.8350,28.5000,0.8440
0.8350,29.0000,0.8443
0.8350,29.5000,0.8446
0.8350,30.0000,0.8450
0.8350,30.5000,0.8453
0.8350,31.0000,0.8456
0.8350,31.5000,0.8460
0.8350,32.0000,0.8463
0.8350,32.5000,0.8466
0.8350,33.0000,0.8469
0.8350,33.5000,0.8473
0.8350,34.0000,0.8476
0.8350,34.5000,0.8479
0.8350,35.0000,0.8482
0.8350,35.5000,0.8486
0.8350,36.0000,0.8489
0.8350,36.5000,0.8492
0.8350,37.0000,0.8495
0.8350,37.5000,0.8498
0.8350,38.0000,0.8502
0.8350,38.5000,0.8505
0.8350,39.0000,0.8508
0.8350,39.5000,0.8511
0.8350,40.0000,0.8515
0.8350,40.5000,0.8518
0.8350,41.0000,0.8521
0.8350,41.5000,0.8524
0.8350,42.0000,0.8528
0.8350,42.5000,0.8531
0.8350,43.0000,0.8534
0.8350,43.5000,0.8537
0.8350,44.0000,0.8540
0.8350,44.5000,0.8544
0.8350,45.0000,0.8547
0.8350,45.5000,0.8550
0.8350,46.0000,0.8553
0.8350,46.5000,0.8556
0.8350,47.0000,0.8560
0.8350,47.5000,0.8563
0.8350,48.0000,0.8566
0.8350,48.5000,0.8569
0.8350,49.0000,0.8572
0.8350,49.5000,0.8576
0.8350,50.0000,0.8579
0.8360,10.0000,0.8326
0.8360,10.5000,0.8330
0.8360,11.0000,0.8333
0.8360,11.5000,0.8336
0.8360,12.0000,0.8340
0.8360,12.5000,0.8343
0.8360,13.0000,0.8347
0.8360,13.5000,0.8350
0.8360,14.0000,0.8353
0.8360,14.5000,0.8357
0.8360,15.0000,0.8360
0.8360,15.5000,0.8363
0.8360,16.0000,0.8367
0.8360,16.5000,0.8370
0.8360,17.0000,0.8373
0.8360,17.5000,0.8377
0.8360,18.0000,0.8380
0.8360,18.5000,0.8383
0.8360,19.0000,0.8387
0.8360,19.5000,0.8390
0.8360,20.0000,0.8393
0.8360,20.5000,0.8397
0.8360,21.0000,0.8400
0.8360,21.5000,0.8403
0.8360,22.0000,0.8407
0.8360,22.5000,0.8410
0.8360,23.0000,0.8413
0.8360,23.5000,0.8417
0.8360,24.0000,0.8420
0.8360,24.5000,0.8423
0.8360,25.0000,0.8427
0.8360,25.5000,0.8430
0.8360,26.0000,0.8433
0.8360,26.5000,0.8437
0.8360,27.0000,0.8440
0.8360,27.5000,0.8443
0.8360,28.0000,0.8446
0.8360,28.5000,0.8450
0.8360,29.0000,0.8453
0.8360,29.5000,0.8456
0.8360,30.0000,0.8460
0.8360,30.5000,0.8463
0.8360,31.0000,0.8466
0.8360,31.5000,0.8469
0.8360,32.0000,0.8473
0.8360,32.5000,0.8476
0.8360,33.0000,0.8479
0.8360,33.5000,0.8482
0.8360,34.0000,0.8486
0.8360,34.5000,0.8489
0.8360,35.0000,0.8492
0.8360,35.5000,0.8495
0.8360,36.0000,0.8499
0.8360,36.5000,0.8502
0.8360,37.0000,0.8505
0.8360,37.5000,0.8508
0.8360,38.0000,0.8512
0.8360,38.5000,0.8515
0.8360,39.0000,0.8518
0.8360,39.5000,0.8521
0.8360,40.0000,0.8524
0.8360,40.5000,0.8528
0.8360,41.0000,0.8531
0.8360,41.5000,0.8534
0.8360,42.0000,0.8537
0.8360,42.5000,0.8541
0.8360,43.0000,0.8544
0.8360,43.5000,0.8547
0.8360,44.0000,0.8550
0.8360,44.5000,0.8553
0.8360,45.0000,0.8557
0.8360,45.5000,0.8560
0.8360,46.0000,0.8563
0.8360,46.5000,0.8566
0.8360,47.0000,0.8569
0.8360,47.5000,0.8573
0.8360,48.0000,0.8576
0.8360,48.5000,0.8579
0.8360,49.0000,0.8582
0.8360,49.5000,0.8585
0.8360,50.0000,0.8589
0.8370,10.0000,0.8336
0.8370,10.5000,0.8340
0.8370,11.0000,0.8343
0.8370,11.5000,0.8346
0.8370,12.0000,0.8350
0.8370,12.5000,0.8353
0.8370,13.0000,0.8357
0.8370,13.5000,0.8360
0.8370,14.0000,0.8363
0.8370,14.5000,0.8367
0.8370,15.0000,0.8370
0.8370,15.5000,0.8373
0.8370,16.0000,0.8377
0.8370,16.5000,0.8380
0.8370,17.0000,0.8383
0.8370,17.5000,0.8387
0.8370,18.0000,0.8390
0.8370,18.5000,0.8393
0.8370,19.0000,0.8397
0.8370,19.5000,0.8400
0.8370,20.0000,0.8403
0.8370,20.5000,0.8407
0.8370,21.0000,0.8410
0.8370,21.5000,0.8413
0.8370,22.0000,0.8417
0.8370,22.5000,0.8420
0.8370,23.0000,0.8423
0.8370,23.5000,0.8427
0.8370,24.0000,0.8430
0.8370,24.5000,0.8433
0.8370,25.0000,0.8437
0.8370,25.5000,0.8440
0.8370,26.0000,0.8443
0.8370,26.5000,0.8446
0.8370,27.0000,0.8450
0.8370,27.5000,0.8453
0.8370,28.0000,0.8456
0.8370,28.5000,0.8460
0.8370,29.0000,0.8463
0.8370,29.5000,0.8466
0.8370,30.0000,0.8469
0.8370,30.5000,0.8473
0.8370,31.0000,0.8476
0.8370,31.5000,0.8479
0.8370,32.0000,0.8483
0.8370,32.5000,0.8486
0.8370,33.0000,0.8489
0.8370,33.5000,0.8492
0.8370,34.0000,0.8496
0.8370,34.5000,0.8499
0.8370,35.0000,0.8502
0.8370,35.5000,0.8505
0.8370,36.0000,0.8508
0.8370,36.5000,0.8512
0.8370,37.0000,0.8515
0.8370,37.5000,0.8518
0.8370,38.0000,0.8521
0.8370,38.5000,0.8525
0.8370,39.0000,0.8528
0.8370,39.5000,0.8531
0.8370,40.0000,0.8534
0.8370,40.5000,0.8538
0.8370,41.0000,0.8541
0.8370,41.5000,0.8544
0.8370,42.0000,0.8547
0.8370,42.5000,0.8550
0.8370,43.0000,0.8554
0.8370,43.5000,0.8557
0.8370,44.0000,0.8560
0.8370,44.5000,0.8563
0.8370,45.0000,0.8566
0.8370,45.5000,0.8570
0.8370,46.0000,0.8573
0.8370,46.5000,0.8576
0.8370,47.0000,0.8579
0.8370,47.5000,0.8582
0.8370,48.0000,0.8586
0.8370,48.5000,0.8589
0.8370,49.0000,0.8592
0.8370,49.5000,0.8595
0.8370,50.0000,0.8598
0.8380,10.0000,0.8346
0.8380,10.5000,0.8350
0.8380,11.0000,0.8353
0.8380,11.5000,0.8356
0.8380,12.0000,0.8360
0.8380,12.5000,0.8363
0.8380,13.0000,0.8367
0.8380,13.5000,0.8370
0.8380,14.0000,0.8373
0.8380,14.5000,0.8377
0.8380,15.0000,0.8380
0.8380,15.5000,0.8383
0.8380,16.0000,0.8387
0.8380,16.5000,0.8390
0.8380,17.0000,0.8393
0.8380,17.5000,0.8397
0.8380,18.0000,0.8400
0.8380,18.5000,0.8403
0.8380,19.0000,0.8407
0.8380,19.5000,0.8410
0.8380,20.0000,0.8413
0.8380,20.5000,0.8417
0.8380,21.0000,0.8420
0.8380,21.5000,0.8423
0.8380,22.0000,0.8427
0.8380,22.5000,0.8430
0.8380,23.0000,0.8433
0.8380,23.5000,0.8437
0.8380,24.0000,0.8440
0.8380,24.5000,0.8443
0.8380,25.0000,0.8447
0.8380,25.5000,0.8450
0.8380,26.0000,0.8453
0.8380,26.5000,0.8456
0.8380,27.0000,0.8460
0.8380,27.5000,0.8463
0.8380,28.0000,0.8466
0.8380,28.5000,0.8470
0.8380,29.0000,0.8473
0.8380,29.5000,0.8476
0.8380,30.0000,0.8479
0.8380,30.5000,0.8483
0.8380,31.0000,0.8486
0.8380,31.5000,0.8489
0.8380,32.0000,0.8492
0.8380,32.5000,0.8496
0.8380,33.0000,0.8499
0.8380,33.5000,0.8502
0.8380,34.0000,0.8505
0.8380,34.5000,0.8509
0.8380,35.0000,0.8512
0.8380,35.5000,0.8515
0.8380,36.0000,0.8518
0.8380,36.5000,0.8522
0.8380,37.0000,0.8525
0.8380,37.5000,0.8528
0.8380,38.0000,0.8531
0.8380,38.5000,0.8535
0.8380,39.0000,0.8538
0.8380,39.5000,0.8541
0.8380,40.0000,0.8544
0.8380,40.5000,0.8547
0.8380,41.0000,0.8551
0.8380,41.5000,0.8554
0.8380,42.0000,0.8557
0.8380,42.5000,0.8560
0.8380,43.0000,0.8564
0.8380,43.5000,0.8567
0.8380,44.0000,0.8570
0.8380,44.5000,0.8573
0.8380,45.0000,0.8576
0.8380,45.5000,0.8580
0.8380,46.0000,0.8583
0.8380,46.5000,0.8586
0.8380,47.0000,0.8589
0.8380,47.5000,0.8592
0.8380,48.0000,0.8595
0.8380,48.5000,0.8599
0.8380,49.0000,0.8602
0.8380,49.5000,0.8605
0.8380,50.0000,0.8608
0.8390,10.0000,0.8356
0.8390,10.5000,0.8360
0.8390,11.0000,0.8363
0.8390,11.5000,0.8366
0.8390,12.0000,0.8370
0.8390,12.5000,0.8373
0.8390,13.0000,0.8377
0.8390,13.5000,0.8380
0.8390,14.0000,0.8383
0.8390,14.5000,0.8387
0.8390,15.0000,0.8390
0.8390,15.5000,0.8393
0.8390,16.0000,0.8397
0.8390,16.5000,0.8400
0.8390,17.0000,0.8403
0.8390,17.5000,0.8407
0.8390,18.0000,0.8410
0.8390,18.5000,0.8413
0.8390,19.0000,0.8417
0.8390,19.5000,0.8420
0.8390,20.0000,0.8423
0.8390,20.5000,0.8427
0.8390,21.0000,0.8430
0.8390,21.5000,0.8433
0.8390,22.0000,0.8437
0.8390,22.5000,0.8440
0.8390,23.0000,0.8443
0.8390,23.5000,0.8447
0.8390,24.0000,0.8450
0.8390,24.5000,0.8453
0.8390,25.0000,0.8456
0.8390,25.5000,0.8460
0.8390,26.0000,0.8463
0.8390,26.5000,0.8466
0.8390,27.0000,0.8470
0.8390,27.5000,0.8473
0.8390,28.0000,0.8476
0.8390,28.5000,0.8479
0.8390,29.0000,0.8483
0.8390,29.5000,0.8486
0.8390,30.0000,0.8489
0.8390,30.5000,0.8492
0.8390,31.0000,0.8496
0.8390,31.5000,0.8499
0.8390,32.0000,0.8502
0.8390,32.5000,0.8505
0.8390,33.0000,0.8509
0.8390,33.5000,0.8512
0.8390,34.0000,0.8515
0.8390,34.5000,0.8518
0.8390,35.0000,0.8522
0.8390,35.5000,0.8525
0.8390,36.0000,0.8528
0.8390,36.5000,0.8531
0.8390,37.0000,0.8535
0.8390,37.5000,0.8538
0.8390,38.0000,0.8541
0.8390,38.5000,0.8544
0.8390,39.0000,0.8548
0.8390,39.5000,0.8551
0.8390,40.0000,0.8554
0.8390,40.5000,0.8557
0.8390,41.0000,0.8561
0.8390,41.5000,0.8564
0.8390,42.0000,0.8567
0.8390,42.5000,0.8570
0.8390,43.0000,0.8573
0.8390,43.5000,0.8577
0.8390,44.0000,0.8580
0.8390,44.5000,0.8583
0.8390,45.0000,0.8586
0.8390,45.5000,0.8589
0.8390,46.0000,0.8593
0.8390,46.5000,0.8596
0.8390,47.0000,0.8599
0.8390,47.5000,0.8602
0.8390,48.0000,0.8605
0.8390,48.5000,0.8608
0.8390,49.0000,0.8612
0.8390,49.5000,0.8615
0.8390,50.0000,0.8618
0.8400,10.0000,0.8366
0.8400,10.5000,0.8370
0.8400,11.0000,0.8373
0.8400,11.5000,0.8377
0.8400,12.0000,0.8380
0.8400,12.5000,0.8383
0.8400,13.0000,0.8387
0.8400,13.5000,0.8390
0.8400,14.0000,0.8393
0.8400,14.5000,0.8397
0.8400,15.0000,0.8400
0.8400,15.5000,0.8403
0.8400,16.0000,0.8407
0.8400,16.5000,0.8410
0.8400,17.0000,0.8413
0.8400,17.5000,0.8417
0.8400,18.0000,0.8420
0.8400,18.5000,0.8423
0.8400,19.0000,0.8427
0.8400,19.5000,0.8430
0.8400,20.0000,0.8433
0.8400,20.5000,0.8437
0.8400,21.0000,0.8440
0.8400,21.5000,0.8443
0.8400,22.0000,0.8447
0.8400,22.5000,0.8450
0.8400,23.0000,0.8453
0.8400,23.5000,0.8456
0.8400,24.0000,0.8460
0.8400,24.5000,0.8463
0.8400,25.0000,0.8466
0.8400,25.5000,0.8470
0.8400,26.0000,0.8473
0.8400,26.5000,0.8476
0.8400,27.0000,0.8480
0.8400,27.5000,0.8483
0.8400,28.0000,0.8486
0.8400,28.5000,0.8489
0.8400,29.0000,0.8493
0.8400,29.5000,0.8496
0.8400,30.0000,0.8499
0.8400,30.5000,0.8502
0.8400,31.0000,0.8506
0.8400,31.5000,0.8509
0.8400,32.0000,0.8512
0.8400,32.5000,0.8515
0.8400,33.0000,0.8519
0.8400,33.5000,0.8522
0.8400,34.0000,0.8525
0.8400,34.5000,0.8528
0.8400,35.0000,0.8532
0.8400,35.5000,0.8535
0.8400,36.0000,0.8538
0.8400,36.5000,0.8541
0.8400,37.0000,0.8545
0.8400,37.5000,0.8548
0.8400,38.0000,0.8551
0.8400,38.5000,0.8554
0.8400,39.0000,0.8557
0.8400,39.5000,0.8561
0.8400,40.0000,0.8564
0.8400,40.5000,0.8567
0.8400,41.0000,0.8570
0.8400,41.5000,0.8574
0.8400,42.0000,0.8577
0.8400,42.5000,0.8580
0.8400,43.0000,0.8583
0.8400,43.5000,0.8586
0.8400,44.0000,0.8590
0.8400,44.5000,0.8593
0.8400,45.0000,0.8596
0.8400,45.5000,0.8599
0.8400,46.0000,0.8602
0.8400,46.5000,0.8606
0.8400,47.0000,0.8609
0.8400,47.5000,0.8612
0.8400,48.0000,0.8615
0.8400,48.5000,0.8618
0.8400,49.0000,0.8621
0.8400,49.5000,0.8625
0.8400,50.0000,0.8628
0.8410,10.0000,0.8376
0.8410,10.5000,0.8380
0.8410,11.0000,0.8383
0.8410,11.5000,0.8387
0.8410,12.0000,0.8390
0.8410,12.5000,0.8393
0.8410,13.0000,0.8397
0.8410,13.5000,0.8400
0.8410,14.0000,0.8403
0.8410,14.5000,0.8407
0.8410,15.0000,0.8410
0.8410,15.5000,0.8413
0.8410,16.0000,0.8417
0.8410,16.5000,0.8420
0.8410,17.0000,0.8423
0.8410,17.5000,0.8427
0.8410,18.0000,0.8430
0.8410,18.5000,0.8433
0.8410,19.0000,0.8437
0.8410,19.5000,0.8440
0.8410,20.0000,0.8443
0.8410,20.5000,0.8447
0.8410,21.0000,0.8450
0.8410,21.5000,0.8453
0.8410,22.0000,0.8457
0.8410,22.5000,0.8460
0.8410,23.0000,0.8463
0.8410,23.5000,0.8466
0.8410,24.0000,0.8470
0.8410,24.5000,0.8473
0.8410,25.0000,0.8476
0.8410,25.5000,0.8480
0.8410,26.0000,0.8483
0.8410,26.5000,0.8486
0.8410,27.0000,0.8489
0.8410,27.5000,0.8493
0.8410,28.0000,0.8496
0.8410,28.5000,0.8499
0.8410,29.0000,0.8502
0.8410,29.5000,0.8506
0.8410,30.0000,0.8509
0.8410,30.5000,0.8512
0.8410,31.0000,0.8516
0.8410,31.5000,0.8519
0.8410,32.0000,0.8522
0.8410,32.5000,0.8525
0.8410,33.0000,0.8529
0.8410,33.5000,0.8532
0.8410,34.0000,0.8535
0.8410,34.5000,0.8538
0.8410,35.0000,0.8542
0.8410,35.5000,0.8545
0.8410,36.0000,0.8548
0.8410,36.5000,0.8551
0.8410,37.0000,0.8554
0.8410,37.5000,0.8558
0.8410,38.0000,0.8561
0.8410,38.5000,0.8564
0.8410,39.0000,0.8567
0.8410,39.5000,0.8571
0.8410,40.0000,0.8574
0.8410,40.5000,0.8577
0.8410,41.0000,0.8580
0.8410,41.5000,0.8583
0.8410,42.0000,0.8587
0.8410,42.5000,0.8590
0.8410,43.0000,0.8593
0.8410,43.5000,0.8596
0.8410,44.0000,0.8599
0.8410,44.5000,0.8603
0.8410,45.0000,0.8606
0.8410,45.5000,0.8609
0.8410,46.0000,0.8612
0.8410,46.5000,0.8615
0.8410,47.0000,0.8619
0.8410,47.5000,0.8622
0.8410,48.0000,0.8625
0.8410,48.5000,0.8628
0.8410,49.0000,0.8631
0.8410,49.5000,0.8634
0.8410,50.0000,0.8638
0.8420,10.0000,0.8386
0.8420,10.5000,0.8390
0.8420,11.0000,0.8393
0.8420,11.5000,0.8397
0.8420,12.0000,0.8400
0.8420,12.5000,0.8403
0.8420,13.0000,0.8407
0.8420,13.5000,0.8410
0.8420,14.0000,0.8413
0.8420,14.5000,0.8417
0.8420,15.0000,0.8420
0.8420,15.5000,0.8423
0.8420,16.0000,0.8427
0.8420,16.5000,0.8430
0.8420,17.0000,0.8433
0.8420,17.5000,0.8437
0.8420,18.0000,0.8440
0.8420,18.5000,0.8443
0.8420,19.0000,0.8447
0.8420,19.5000,0.8450
0.8420,20.0000,0.8453
0.8420,20.5000,0.8457
0.8420,21.0000,0.8460
0.8420,21.5000,0.8463
0.8420,22.0000,0.8466
0.8420,22.5000,0.8470
0.8420,23.0000,0.8473
0.8420,23.5000,0.8476
0.8420,24.0000,0.8480
0.8420,24.5000,0.8483
0.8420,25.0000,0.8486
0.8420,25.5000,0.8490
0.8420,26.0000,0.8493
0.8420,26.5000,0.8496
0.8420,27.0000,0.8499
0.8420,27.5000,0.8503
0.8420,28.0000,0.8506
0.8420,28.5000,0.8509
0.8420,29.0000,0.8512
0.8420,29.5000,0.8516
0.8420,30.0000,0.8519
0.8420,30.5000,0.8522
0.8420,31.0000,0.8525
0.8420,31.5000,0.8529
0.8420,32.0000,0.8532
0.8420,32.5000,0.8535
0.8420,33.0000,0.8538
0.8420,33.5000,0.8542
0.8420,34.0000,0.8545
0.8420,34.5000,0.8548
0.8420,35.0000,0.8551
0.8420,35.5000,0.8555
0.8420,36.0000,0.8558
0.8420,36.5000,0.8561
0.8420,37.0000,0.8564
0.8420,37.5000,0.8568
0.8420,38.0000,0.8571
0.8420,38.5000,0.8574
0.8420,39.0000,0.8577
0.8420,39.5000,0.8580
0.8420,40.0000,0.8584
0.8420,40.5000,0.8587
0.8420,41.0000,0.8590
0.8420,41.5000,0.8593
0.8420,42.0000,0.8596
0.8420,42.5000,0.8600
0.8420,43.0000,0.8603
0.8420,43.5000,0.8606
0.8420,44.0000,0.8609
0.8420,44.5000,0.8612
0.8420,45.0000,0.8616
0.8420,45.5000,0.8619
0.8420,46.0000,0.8622
0.8420,46.5000,0.8625
0.8420,47.0000,0.8628
0.8420,47.5000,0.8632
0.8420,48.0000,0.8635
0.8420,48.5000,0.8638
0.8420,49.0000,0.8641
0.8420,49.5000,0.8644
0.8420,50.0000,0.8647
0.8430,10.0000,0.8396
0.8430,10.5000,0.8400
0.8430,11.0000,0.8403
0.8430,11.5000,0.8407
0.8430,12.0000,0.8410
0.8430,12.5000,0.8413
0.8430,13.0000,0.8417
0.8430,13.5000,0.8420
0.8430,14.0000,0.8423
0.8430,14.5000,0.8427
0.8430,15.0000,0.8430
0.8430,15.5000,0.8433
0.8430,16.0000,0.8437
0.8430,16.5000,0.8440
0.8430,17.0000,0.8443
0.8430,17.5000,0.8447
0.8430,18.0000,0.8450
0.8430,18.5000,0.8453
0.8430,19.0000,0.8457
0.8430,19.5000,0.8460
0.8430,20.0000,0.8463
0.8430,20.5000,0.8467
0.8430,21.0000,0.8470
0.8430,21.5000,0.8473
0.8430,22.0000,0.8476
0.8430,22.5000,0.8480
0.8430,23.0000,0.8483
0.8430,23.5000,0.8486
0.8430,24.0000,0.8490
0.8430,24.5000,0.8493
0.8430,25.0000,0.8496
0.8430,25.5000,0.8499
0.8430,26.0000,0.8503
0.8430,26.5000,0.8506
0.8430,27.0000,0.8509
0.8430,27.5000,0.8512
0.8430,28.0000,0.8516
0.8430,28.5000,0.8519
0.8430,29.0000,0.8522
0.8430,29.5000,0.8526
0.8430,30.0000,0.8529
0.8430,30.5000,0.8532
0.8430,31.0000,0.8535
0.8430,31.5000,0.8539
0.8430,32.0000,0.8542
0.8430,32.5000,0.8545
0.8430,33.0000,0.8548
0.8430,33.5000,0.8552
0.8430,34.0000,0.8555
0.8430,34.5000,0.8558
0.8430,35.0000,0.8561
0.8430,35.5000,0.8565
0.8430,36.0000,0.8568
0.8430,36.5000,0.8571
0.8430,37.0000,0.8574
0.8430,37.5000,0.8577
0.8430,38.0000,0.8581
0.8430,38.5000,0.8584
0.8430,39.0000,0.8587
0.8430,39.5000,0.8590
0.8430,40.0000,0.8594
0.8430,40.5000,0.8597
0.8430,41.0000,0.8600
0.8430,41.5000,0.8603
0.8430,42.0000,0.8606
0.8430,42.5000,0.8610
0.8430,43.0000,0.8613
0.8430,43.5000,0.8616
0.8430,44.0000,0.8619
0.8430,44.5000,0.8622
0.8430,45.0000,0.8625
0.8430,45.5000,0.8629
0.8430,46.0000,0.8632
0.8430,46.5000,0.8635
0.8430,47.0000,0.8638
0.8430,47.5000,0.8641
0.8430,48.0000,0.8645
0.8430,48.5000,0.8648
0.8430,49.0000,0.8651
0.8430,49.5000,0.8654
0.8430,50.0000,0.8657
0.8440,10.0000,0.8407
0.8440,10.5000,0.8410
0.8440,11.0000,0.8413
0.8440,11.5000,0.8417
0.8440,12.0000,0.8420
0.8440,12.5000,0.8423
0.8440,13.0000,0.8427
0.8440,13.5000,0.8430
0.8440,14.0000,0.8433
0.8440,14.5000,0.8437
0.8440,15.0000,0.8440
0.8440,15.5000,0.8443
0.8440,16.0000,0.8447
0.8440,16.5000,0.8450
0.8440,17.0000,0.8453
0.8440,17.5000,0.8457
0.8440,18.0000,0.8460
0.8440,18.5000,0.8463
0.8440,19.0000,0.8467
0.8440,19.5000,0.8470
0.8440,20.0000,0.8473
0.8440,20.5000,0.8476
0.8440,21.0000,0.8480
0.8440,21.5000,0.8483
0.8440,22.0000,0.8486
0.8440,22.5000,0.8490
0.8440,23.0000,0.8493
0.8440,23.5000,0.8496
0.8440,24.0000,0.8499
0.8440,24.5000,0.8503
0.8440,25.0000,0.8506
0.8440,25.5000,0.8509
0.8440,26.0000,0.8513
0.8440,26.5000,0.8516
0.8440,27.0000,0.8519
0.8440,27.5000,0.8522
0.8440,28.0000,0.8526
0.8440,28.5000,0.8529
0.8440,29.0000,0.8532
0.8440,29.5000,0.8535
0.8440,30.0000,0.8539
0.8440,30.5000,0.8542
0.8440,31.0000,0.8545
0.8440,31.5000,0.8548
0.8440,32.0000,0.8552
0.8440,32.5000,0.8555
0.8440,33.0000,0.8558
0.8440,33.5000,0.8561
0.8440,34.0000,0.8565
0.8440,34.5000,0.8568
0.8440,35.0000,0.8571
0.8440,35.5000,0.8574
0.8440,36.0000,0.8578
0.8440,36.5000,0.8581
0.8440,37.0000,0.8584
0.8440,37.5000,0.8587
0.8440,38.0000,0.8591
0.8440,38.5000,0.8594
0.8440,39.0000,0.8597
0.8440,39.5000,0.8600
0.8440,40.0000,0.8603
0.8440,40.5000,0.8607
0.8440,41.0000,0.8610
0.8440,41.5000,0.8613
0.8440,42.0000,0.8616
0.8440,42.5000,0.8619
0.8440,43.0000,0.8623
0.8440,43.5000,0.8626
0.8440,44.0000,0.8629
0.8440,44.5000,0.8632
0.8440,45.0000,0.8635
0.8440,45.5000,0.8638
0.8440,46.0000,0.8642
0.8440,46.5000,0.8645
0.8440,47.0000,0.8648
0.8440,47.5000,0.8651
0.8440,48.0000,0.8654
0.8440,48.5000,0.8657
0.8440,49.0000,0.8661
0.8440,49.5000,0.8664
0.8440,50.0000,0.8667
0.8450,10.0000,0.8417
0.8450,10.5000,0.8420
0.8450,11.0000,0.8423
0.8450,11.5000,0.8427
0.8450,12.0000,0.8430
0.8450,12.5000,0.8433
0.8450,13.0000,0.8437
0.8450,13.5000,0.8440
0.8450,14.0000,0.8443
0.8450,14.5000,0.8447
0.8450,15.0000,0.8450
0.8450,15.5000,0.8453
0.8450,16.0000,0.8457
0.8450,16.5000,0.8460
0.8450,17.0000,0.8463
0.8450,17.5000,0.8467
0.8450,18.0000,0.8470
0.8450,18.5000,0.8473
0.8450,19.0000,0.8477
0.8450,19.5000,0.8480
0.8450,20.0000,0.8483
0.8450,20.5000,0.8486
0.8450,21.0000,0.8490
0.8450,21.5000,0.8493
0.8450,22.0000,0.8496
0.8450,22.5000,0.8500
0.8450,23.0000,0.8503
0.8450,23.5000,0.8506
0.8450,24.0000,0.8509
0.8450,24.5000,0.8513
0.8450,25.0000,0.8516
0.8450,25.5000,0.8519
0.8450,26.0000,0.8523
0.8450,26.5000,0.8526
0.8450,27.0000,0.8529
0.8450,27.5000,0.8532
0.8450,28.0000,0.8536
0.8450,28.5000,0.8539
0.8450,29.0000,0.8542
0.8450,29.5000,0.8545
0.8450,30.0000,0.8549
0.8450,30.5000,0.8552
0.8450,31.0000,0.8555
0.8450,31.5000,0.8558
0.8450,32.0000,0.8562
0.8450,32.5000,0.8565
0.8450,33.0000,0.8568
0.8450,33.5000,0.8571
0.8450,34.0000,0.8575
0.8450,34.5000,0.8578
0.8450,35.0000,0.8581
0.8450,35.5000,0.8584
0.8450,36.0000,0.8588
0.8450,36.5000,0.8591
0.8450,37.0000,0.8594
0.8450,37.5000,0.8597
0.8450,38.0000,0.8600
0.8450,38.5000,0.8604
0.8450,39.0000,0.8607
0.8450,39.5000,0.8610
0.8450,40.0000,0.8613
0.8450,40.5000,0.8616
0.8450,41.0000,0.8620
0.8450,41.5000,0.8623
0.8450,42.0000,0.8626
0.8450,42.5000,0.8629
0.8450,43.0000,0.8632
0.8450,43.5000,0.8636
0.8450,44.0000,0.8639
0.8450,44.5000,0.8642
0.8450,45.0000,0.8645
0.8450,45.5000,0.8648
0.8450,46.0000,0.8651
0.8450,46.5000,0.8655
0.8450,47.0000,0.8658
0.8450,47.5000,0.8661
0.8450,48.0000,0.8664
0.8450,48.5000,0.8667
0.8450,49.0000,0.8670
0.8450,49.5000,0.8674
0.8450,50.0000,0.8677
0.8460,10.0000,0.8427
0.8460,10.5000,0.8430
0.8460,11.0000,0.8433
0.8460,11.5000,0.8437
0.8460,12.0000,0.8440
0.8460,12.5000,0.8443
0.8460,13.0000,0.8447
0.8460,13.5000,0.8450
0.8460,14.0000,0.8453
0.8460,14.5000,0.8457
0.8460,15.0000,0.8460
0.8460,15.5000,0.8463
0.8460,16.0000,0.8467
0.8460,16.5000,0.8470
0.8460,17.0000,0.8473
0.8460,17.5000,0.8477
0.8460,18.0000,0.8480
0.8460,18.5000,0.8483
0.8460,19.0000,0.8487
0.8460,19.5000,0.8490
0.8460,20.0000,0.8493
0.8460,20.5000,0.8496
0.8460,21.0000,0.8500
0.8460,21.5000,0.8503
0.8460,22.0000,0.8506
0.8460,22.5000,0.8510
0.8460,23.0000,0.8513
0.8460,23.5000,0.8516
0.8460,24.0000,0.8519
0.8460,24.5000,0.8523
0.8460,25.0000,0.8526
0.8460,25.5000,0.8529
0.8460,26.0000,0.8532
0.8460,26.5000,0.8536
0.8460,27.0000,0.8539
0.8460,27.5000,0.8542
0.8460,28.0000,0.8546
0.8460,28.5000,0.8549
0.8460,29.0000,0.8552
0.8460,29.5000,0.8555
0.8460,30.0000,0.8559
0.8460,30.5000,0.8562
0.8460,31.0000,0.8565
0.8460,31.5000,0.8568
0.8460,32.0000,0.8572
0.8460,32.5000,0.8575
0.8460,33.0000,0.8578
0.8460,33.5000,0.8581
0.8460,34.0000,0.8584
0.8460,34.5000,0.8588
0.8460,35.0000,0.8591
0.8460,35.5000,0.8594
0.8460,36.0000,0.8597
0.8460,36.5000,0.8601
0.8460,37.0000,0.8604
0.8460,37.5000,0.8607
0.8460,38.0000,0.8610
0.8460,38.5000,0.8613
0.8460,39.0000,0.8617
0.8460,39.5000,0.8620
0.8460,40.0000,0.8623
0.8460,40.5000,0.8626
0.8460,41.0000,0.8629
0.8460,41.5000,0.8633
0.8460,42.0000,0.8636
0.8460,42.5000,0.8639
0.8460,43.0000,0.8642
0.8460,43.5000,0.8645
0.8460,44.0000,0.8649
0.8460,44.5000,0.8652
0.8460,45.0000,0.8655
0.8460,45.5000,0.8658
0.8460,46.0000,0.8661
0.8460,46.5000,0.8664
0.8460,47.0000,0.8668
0.8460,47.5000,0.8671
0.8460,48.0000,0.8674
0.8460,48.5000,0.8677
0.8460,49.0000,0.8680
0.8460,49.5000,0.8683
0.8460,50.0000,0.8687
0.8470,10.0000,0.8437
0.8470,10.5000,0.8440
0.8470,11.0000,0.8443
0.8470,11.5000,0.8447
0.8470,12.0000,0.8450
0.8470,12.5000,0.8453
0.8470,13.0000,0.8457
0.8470,13.5000,0.8460
0.8470,14.0000,0.8463
0.8470,14.5000,0.8467
0.8470,15.0000,0.8470
0.8470,15.5000,0.8473
0.8470,16.0000,0.8477
0.8470,16.5000,0.8480
0.8470,17.0000,0.8483
0.8470,17.5000,0.8487
0.8470,18.0000,0.8490
0.8470,18.5000,0.8493
0.8470,19.0000,0.8496
0.8470,19.5000,0.8500
0.8470,20.0000,0.8503
0.8470,20.5000,0.8506
0.8470,21.0000,0.8510
0.8470,21.5000,0.8513
0.8470,22.0000,0.8516
0.8470,22.5000,0.8520
0.8470,23.0000,0.8523
0.8470,23.5000,0.8526
0.8470,24.0000,0.8529
0.8470,24.5000,0.8533
0.8470,25.0000,0.8536
0.8470,25.5000,0.8539
0.8470,26.0000,0.8542
0.8470,26.5000,0.8546
0.8470,27.0000,0.8549
0.8470,27.5000,0.8552
0.8470,28.0000,0.8555
0.8470,28.5000,0.8559
0.8470,29.0000,0.8562
0.8470,29.5000,0.8565
0.8470,30.0000,0.8568
0.8470,30.5000,0.8572
0.8470,31.0000,0.8575
0.8470,31.5000,0.8578
0.8470,32.0000,0.8581
0.8470,32.5000,0.8585
0.8470,33.0000,0.8588
0.8470,33.5000,0.8591
0.8470,34.0000,0.8594
0.8470,34.5000,0.8598
0.8470,35.0000,0.8601
0.8470,35.5000,0.8604
0.8470,36.0000,0.8607
0.8470,36.5000,0.8610
0.8470,37.0000,0.8614
0.8470,37.5000,0.8617
0.8470,38.0000,0.8620
0.8470,38.5000,0.8623
0.8470,39.0000,0.8627
0.8470,39.5000,0.8630
0.8470,40.0000,0.8633
0.8470,40.5000,0.8636
0.8470,41.0000,0.8639
0.8470,41.5000,0.8643
0.8470,42.0000,0.8646
0.8470,42.5000,0.8649
0.8470,43.0000,0.8652
0.8470,43.5000,0.8655
0.8470,44.0000,0.8658
0.8470,44.5000,0.8662
0.8470,45.0000,0.8665
0.8470,45.5000,0.8668
0.8470,46.0000,0.8671
0.8470,46.5000,0.8674
0.8470,47.0000,0.8677
0.8470,47.5000,0.8681
0.8470,48.0000,0.8684
0.8470,48.5000,0.8687
0.8470,49.0000,0.8690
0.8470,49.5000,0.8693
0.8470,50.0000,0.8696
0.8480,10.0000,0.8447
0.8480,10.5000,0.8450
0.8480,11.0000,0.8453
0.8480,11.5000,0.8457
0.8480,12.0000,0.8460
0.8480,12.5000,0.8463
0.8480,13.0000,0.8467
0.8480,13.5000,0.8470
0.8480,14.0000,0.8473
0.8480,14.5000,0.8477
0.8480,15.0000,0.8480
0.8480,15.5000,0.8483
0.8480,16.0000,0.8487
0.8480,16.5000,0.8490
0.8480,17.0000,0.8493
0.8480,17.5000,0.8497
0.8480,18.0000,0.8500
0.8480,18.5000,0.8503
0.8480,19.0000,0.8506
0.8480,19.5000,0.8510
0.8480,20.0000,0.8513
0.8480,20.5000,0.8516
0.8480,21.0000,0.8520
0.8480,21.5000,0.8523
0.8480,22.0000,0.8526
0.8480,22.5000,0.8529
0.8480,23.0000,0.8533
0.8480,23.5000,0.8536
0.8480,24.0000,0.8539
0.8480,24.5000,0.8543
0.8480,25.0000,0.8546
0.8480,25.5000,0.8549
0.8480,26.0000,0.8552
0.8480,26.5000,0.8556
0.8480,27.0000,0.8559
0.8480,27.5000,0.8562
0.8480,28.0000,0.8565
0.8480,28.5000,0.8569
0.8480,29.0000,0.8572
0.8480,29.5000,0.8575
0.8480,30.0000,0.8578
0.8480,30.5000,0.8582
0.8480,31.0000,0.8585
0.8480,31.5000,0.8588
0.8480,32.0000,0.8591
0.8480,32.5000,0.8595
0.8480,33.0000,0.8598
0.8480,33.5000,0.8601
0.8480,34.0000,0.8604
0.8480,34.5000,0.8608
0.8480,35.0000,0.8611
0.8480,35.5000,0.8614
0.8480,36.0000,0.8617
0.8480,36.5000,0.8620
0.8480,37.0000,0.8624
0.8480,37.5000,0.8627
0.8480,38.0000,0.8630
0.8480,38.5000,0.8633
0.8480,39.0000,0.8636
0.8480,39.5000,0.8640
0.8480,40.0000,0.8643
0.8480,40.5000,0.8646
0.8480,41.0000,0.8649
0.8480,41.5000,0.8652
0.8480,42.0000,0.8656
0.8480,42.5000,0.8659
0.8480,43.0000,0.8662
0.8480,43.5000,0.8665
0.8480,44.0000,0.8668
0.8480,44.5000,0.8671
0.8480,45.0000,0.8675
0.8480,45.5000,0.8678
0.8480,46.0000,0.8681
0.8480,46.5000,0.8684
0.8480,47.0000,0.8687
0.8480,47.5000,0.8690
0.8480,48.0000,0.8694
0.8480,48.5000,0.8697
0.8480,49.0000,0.8700
0.8480,49.5000,0.8703
0.8480,50.0000,0.8706
0.8490,10.0000,0.8457
0.8490,10.5000,0.8460
0.8490,11.0000,0.8463
0.8490,11.5000,0.8467
0.8490,12.0000,0.8470
0.8490,12.5000,0.8473
0.8490,13.0000,0.8477
0.8490,13.5000,0.8480
0.8490,14.0000,0.8483
0.8490,14.5000,0.8487
0.8490,15.0000,0.8490
0.8490,15.5000,0.8493
0.8490,16.0000,0.8497
0.8490,16.5000,0.8500
0.8490,17.0000,0.8503
0.8490,17.5000,0.8507
0.8490,18.0000,0.8510
0.8490,18.5000,0.8513
0.8490,19.0000,0.8516
0.8490,19.5000,0.8520
0.8490,20.0000,0.8523
0.8490,20.5000,0.8526
0.8490,21.0000,0.8530
0.8490,21.5000,0.8533
0.8490,22.0000,0.8536
0.8490,22.5000,0.8539
0.8490,23.0000,0.8543
0.8490,23.5000,0.8546
0.8490,24.0000,0.8549
0.8490,24.5000,0.8553
0.8490,25.0000,0.8556
0.8490,25.5000,0.8559
0.8490,26.0000,0.8562
0.8490,26.5000,0.8566
0.8490,27.0000,0.8569
0.8490,27.5000,0.8572
0.8490,28.0000,0.8575
0.8490,28.5000,0.8579
0.8490,29.0000,0.8582
0.8490,29.5000,0.8585
0.8490,30.0000,0.8588
0.8490,30.5000,0.8592
0.8490,31.0000,0.8595
0.8490,31.5000,0.8598
0.8490,32.0000,0.8601
0.8490,32.5000,0.8604
0.8490,33.0000,0.8608
0.8490,33.5000,0.8611
0.8490,34.0000,0.8614
0.8490,34.5000,0.8617
0.8490,35.0000,0.8621
0.8490,35.5000,0.8624
0.8490,36.0000,0.8627
0.8490,36.5000,0.8630
0.8490,37.0000,0.8633
0.8490,37.5000,0.8637
0.8490,38.0000,0.8640
0.8490,38.5000,0.8643
0.8490,39.0000,0.8646
0.8490,39.5000,0.8649
0.8490,40.0000,0.8653
0.8490,40.5000,0.8656
0.8490,41.0000,0.8659
0.8490,41.5000,0.8662
0.8490,42.0000,0.8665
0.8490,42.5000,0.8669
0.8490,43.0000,0.8672
0.8490,43.5000,0.8675
0.8490,44.0000,0.8678
0.8490,44.5000,0.8681
0.8490,45.0000,0.8684
0.8490,45.5000,0.8688
0.8490,46.0000,0.8691
0.8490,46.5000,0.8694
0.8490,47.0000,0.8697
0.8490,47.5000,0.8700
0.8490,48.0000,0.8703
0.8490,48.5000,0.8707
0.8490,49.0000,0.8710
0.8490,49.5000,0.8713
0.8490,50.0000,0.8716
0.8500,10.0000,0.8467
0.8500,10.5000,0.8470
0.8500,11.0000,0.8473
0.8500,11.5000,0.8477
0.8500,12.0000,0.8480
0.8500,12.5000,0.8483
0.8500,13.0000,0.8487
0.8500,13.5000,0.8490
0.8500,14.0000,0.8493
0.8500,14.5000,0.8497
0.8500,15.0000,0.8500
0.8500,15.5000,0.8503
0.8500,16.0000,0.8507
0.8500,16.5000,0.8510
0.8500,17.0000,0.8513
0.8500,17.5000,0.8517
0.8500,18.0000,0.8520
0.8500,18.5000,0.8523
0.8500,19.0000,0.8526
0.8500,19.5000,0.8530
0.8500,20.0000,0.8533
0.8500,20.5000,0.8536
0.8500,21.0000,0.8540
0.8500,21.5000,0.8543
0.8500,22.0000,0.8546
0.8500,22.5000,0.8549
0.8500,23.0000,0.8553
0.8500,23.5000,0.8556
0.8500,24.0000,0.8559
0.8500,24.5000,0.8562
0.8500,25.0000,0.8566
0.8500,25.5000,0.8569
0.8500,26.0000,0.8572
0.8500,26.5000,0.8576
0.8500,27.0000,0.8579
0.8500,27.5000,0.8582
0.8500,28.0000,0.8585
0.8500,28.5000,0.8588
0.8500,29.0000,0.8592
0.8500,29.5000,0.8595
0.8500,30.0000,0.8598
0.8500,30.5000,0.8601
0.8500,31.0000,0.8605
0.8500,31.5000,0.8608
0.8500,32.0000,0.8611
0.8500,32.5000,0.8614
0.8500,33.0000,0.8618
0.8500,33.5000,0.8621
0.8500,34.0000,0.8624
0.8500,34.5000,0.8627
0.8500,35.0000,0.8630
0.8500,35.5000,0.8634
0.8500,36.0000,0.8637
0.8500,36.5000,0.8640
0.8500,37.0000,0.8643
0.8500,37.5000,0.8647
0.8500,38.0000,0.8650
0.8500,38.5000,0.8653
0.8500,39.0000,0.8656
0.8500,39.5000,0.8659
0.8500,40.0000,0.8663
0.8500,40.5000,0.8666
0.8500,41.0000,0.8669
0.8500,41.5000,0.8672
0.8500,42.0000,0.8675
0.8500,42.5000,0.8678
0.8500,43.0000,0.8682
0.8500,43.5000,0.8685
0.8500,44.0000,0.8688
0.8500,44.5000,0.8691
0.8500,45.0000,0.8694
0.8500,45.5000,0.8697
0.8500,46.0000,0.8701
0.8500,46.5000,0.8704
0.8500,47.0000,0.8707
0.8500,47.5000,0.8710
0.8500,48.0000,0.8713
0.8500,48.5000,0.8716
0.8500,49.0000,0.8719
0.8500,49.5000,0.8723
0.8500,50.0000,0.8726
0.8510,10.0000,0.8477
0.8510,10.5000,0.8480
0.8510,11.0000,0.8483
0.8510,11.5000,0.8487
0.8510,12.0000,0.8490
0.8510,12.5000,0.8493
0.8510,13.0000,0.8497
0.8510,13.5000,0.8500
0.8510,14.0000,0.8503
0.8510,14.5000,0.8507
0.8510,15.0000,0.8510
0.8510,15.5000,0.8513
0.8510,16.0000,0.8517
0.8510,16.5000,0.8520
0.8510,17.0000,0.8523
0.8510,17.5000,0.8527
0.8510,18.0000,0.8530
0.8510,18.5000,0.8533
0.8510,19.0000,0.8536
0.8510,19.5000,0.8540
0.8510,20.0000,0.8543
0.8510,20.5000,0.8546
0.8510,21.0000,0.8550
0.8510,21.5000,0.8553
0.8510,22.0000,0.8556
0.8510,22.5000,0.8559
0.8510,23.0000,0.8563
0.8510,23.5000,0.8566
0.8510,24.0000,0.8569
0.8510,24.5000,0.8572
0.8510,25.0000,0.8576
0.8510,25.5000,0.8579
0.8510,26.0000,0.8582
0.8510,26.5000,0.8585
0.8510,27.0000,0.8589
0.8510,27.5000,0.8592
0.8510,28.0000,0.8595
0.8510,28.5000,0.8598
0.8510,29.0000,0.8602
0.8510,29.5000,0.8605
0.8510,30.0000,0.8608
0.8510,30.5000,0.8611
0.8510,31.0000,0.8615
0.8510,31.5000,0.8618
0.8510,32.0000,0.8621
0.8510,32.5000,0.8624
0.8510,33.0000,0.8628
0.8510,33.5000,0.8631
0.8510,34.0000,0.8634
0.8510,34.5000,0.8637
0.8510,35.0000,0.8640
0.8510,35.5000,0.8644
0.8510,36.0000,0.8647
0.8510,36.5000,0.8650
0.8510,37.0000,0.8653
0.8510,37.5000,0.8656
0.8510,38.0000,0.8660
0.8510,38.5000,0.8663
0.8510,39.0000,0.8666
0.8510,39.5000,0.8669
0.8510,40.0000,0.8672
0.8510,40.5000,0.8676
0.8510,41.0000,0.8679
0.8510,41.5000,0.8682
0.8510,42.0000,0.8685
0.8510,42.5000,0.8688
0.8510,43.0000,0.8691
0.8510,43.5000,0.8695
0.8510,44.0000,0.8698
0.8510,44.5000,0.8701
0.8510,45.0000,0.8704
0.8510,45.5000,0.8707
0.8510,46.0000,0.8710
0.8510,46.5000,0.8714
0.8510,47.0000,0.8717
0.8510,47.5000,0.8720
0.8510,48.0000,0.8723
0.8510,48.5000,0.8726
0.8510,49.0000,0.8729
0.8510,49.5000,0.8732
0.8510,50.0000,0.8736
0.8520,10.0000,0.8487
0.8520,10.5000,0.8490
0.8520,11.0000,0.8493
0.8520,11.5000,0.8497
0.8520,12.0000,0.8500
0.8520,12.5000,0.8503
0.8520,13.0000,0.8507
0.8520,13.5000,0.8510
0.8520,14.0000,0.8513
0.8520,14.5000,0.8517
0.8520,15.0000,0.8520
0.8520,15.5000,0.8523
0.8520,16.0000,0.8527
0.8520,16.5000,0.8530
0.8520,17.0000,0.8533
0.8520,17.5000,0.8536
0.8520,18.0000,0.8540
0.8520,18.5000,0.8543
0.8520,19.0000,0.8546
0.8520,19.5000,0.8550
0.8520,20.0000,0.8553
0.8520,20.5000,0.8556
0.8520,21.0000,0.8559
0.8520,21.5000,0.8563
0.8520,22.0000,0.8566
0.8520,22.5000,0.8569
0.8520,23.0000,0.8573
0.8520,23.5000,0.8576
0.8520,24.0000,0.8579
0.8520,24.5000,0.8582
0.8520,25.0000,0.8586
0.8520,25.5000,0.8589
0.8520,26.0000,0.8592
0.8520,26.5000,0.8595
0.8520,27.0000,0.8599
0.8520,27.5000,0.8602
0.8520,28.0000,0.8605
0.8520,28.5000,0.8608
0.8520,29.0000,0.8612
0.8520,29.5000,0.8615
0.8520,30.0000,0.8618
0.8520,30.5000,0.8621
0.8520,31.0000,0.8625
0.8520,31.5000,0.8628
0.8520,32.0000,0.8631
0.8520,32.5000,0.8634
0.8520,33.0000,0.8637
0.8520,33.5000,0.8641
0.8520,34.0000,0.8644
0.8520,34.5000,0.8647
0.8520,35.0000,0.8650
0.8520,35.5000,0.8654
0.8520,36.0000,0.8657
0.8520,36.5000,0.8660
0.8520,37.0000,0.8663
0.8520,37.5000,0.8666
0.8520,38.0000,0.8669
0.8520,38.5000,0.8673
0.8520,39.0000,0.8676
0.8520,39.5000,0.8679
0.8520,40.0000,0.8682
0.8520,40.5000,0.8685
0.8520,41.0000,0.8689
0.8520,41.5000,0.8692
0.8520,42.0000,0.8695
0.8520,42.5000,0.8698
0.8520,43.0000,0.8701
0.8520,43.5000,0.8704
0.8520,44.0000,0.8708
0.8520,44.5000,0.8711
0.8520,45.0000,0.8714
0.8520,45.5000,0.8717
0.8520,46.0000,0.8720
0.8520,46.5000,0.8723
0.8520,47.0000,0.8727
0.8520,47.5000,0.8730
0.8520,48.0000,0.8733
0.8520,48.5000,0.8736
0.8520,49.0000,0.8739
0.8520,49.5000,0.8742
0.8520,50.0000,0.8745
0.8530,10.0000,0.8497
0.8530,10.5000,0.8500
0.8530,11.0000,0.8504
0.8530,11.5000,0.8507
0.8530,12.0000,0.8510
0.8530,12.5000,0.8513
0.8530,13.0000,0.8517
0.8530,13.5000,0.8520
0.8530,14.0000,0.8523
0.8530,14.5000,0.8527
0.8530,15.0000,0.8530
0.8530,15.5000,0.8533
0.8530,16.0000,0.8537
0.8530,16.5000,0.8540
0.8530,17.0000,0.8543
0.8530,17.5000,0.8546
0.8530,18.0000,0.8550
0.8530,18.5000,0.8553
0.8530,19.0000,0.8556
0.8530,19.5000,0.8560
0.8530,20.0000,0.8563
0.8530,20.5000,0.8566
0.8530,21.0000,0.8569
0.8530,21.5000,0.8573
0.8530,22.0000,0.8576
0.8530,22.5000,0.8579
0.8530,23.0000,0.8583
0.8530,23.5000,0.8586
0.8530,24.0000,0.8589
0.8530,24.5000,0.8592
0.8530,25.0000,0.8596
0.8530,25.5000,0.8599
0.8530,26.0000,0.8602
0.8530,26.5000,0.8605
0.8530,27.0000,0.8609
0.8530,27.5000,0.8612
0.8530,28.0000,0.8615
0.8530,28.5000,0.8618
0.8530,29.0000,0.8622
0.8530,29.5000,0.8625
0.8530,30.0000,0.8628
0.8530,30.5000,0.8631
0.8530,31.0000,0.8634
0.8530,31.5000,0.8638
0.8530,32.0000,0.8641
0.8530,32.5000,0.8644
0.8530,33.0000,0.8647
0.8530,33.5000,0.8651
0.8530,34.0000,0.8654
0.8530,34.5000,0.8657
0.8530,35.0000,0.8660
0.8530,35.5000,0.8663
0.8530,36.0000,0.8667
0.8530,36.5000,0.8670
0.8530,37.0000,0.8673
0.8530,37.5000,0.8676
0.8530,38.0000,0.8679
0.8530,38.5000,0.8683
0.8530,39.0000,0.8686
0.8530,39.5000,0.8689
0.8530,40.0000,0.8692
0.8530,40.5000,0.8695
0.8530,41.0000,0.8698
0.8530,41.5000,0.8702
0.8530,42.0000,0.8705
0.8530,42.5000,0.8708
0.8530,43.0000,0.8711
0.8530,43.5000,0.8714
0.8530,44.0000,0.8717
0.8530,44.5000,0.8721
0.8530,45.0000,0.8724
0.8530,45.5000,0.8727
0.8530,46.0000,0.8730
0.8530,46.5000,0.8733
0.8530,47.0000,0.8736
0.8530,47.5000,0.8739
0.8530,48.0000,0.8743
0.8530,48.5000,0.8746
0.8530,49.0000,0.8749
0.8530,49.5000,0.8752
0.8530,50.0000,0.8755
0.8540,10.0000,0.8507
0.8540,10.5000,0.8510
0.8540,11.0000,0.8514
0.8540,11.5000,0.8517
0.8540,12.0000,0.8520
0.8540,12.5000,0.8523
0.8540,13.0000,0.8527
0.8540,13.5000,0.8530
0.8540,14.0000,0.8533
0.8540,14.5000,0.8537
0.8540,15.0000,0.8540
0.8540,15.5000,0.8543
0.8540,16.0000,0.8547
0.8540,16.5000,0.8550
0.8540,17.0000,0.8553
0.8540,17.5000,0.8556
0.8540,18.0000,0.8560
0.8540,18.5000,0.8563
0.8540,19.0000,0.8566
0.8540,19.5000,0.8570
0.8540,20.0000,0.8573
0.8540,20.5000,0.8576
0.8540,21.0000,0.8579
0.8540,21.5000,0.8583
0.8540,22.0000,0.8586
0.8540,22.5000,0.8589
0.8540,23.0000,0.8592
0.8540,23.5000,0.8596
0.8540,24.0000,0.8599
0.8540,24.5000,0.8602
0.8540,25.0000,0.8606
0.8540,25.5000,0.8609
0.8540,26.0000,0.8612
0.8540,26.5000,0.8615
0.8540,27.0000,0.8518
0.8540,27.5000,0.8622
0.8540,28.0000,0.8625
0.8540,28.5000,0.8628
0.8540,29.0000,0.8631
0.8540,29.5000,0.8635
0.8540,30.0000,0.8638
0.8540,30.5000,0.8641
0.8540,31.0000,0.8644
0.8540,31.5000,0.8648
0.8540,32.0000,0.8651
0.8540,32.5000,0.8654
0.8540,33.0000,0.8657
0.8540,33.5000,0.8660
0.8540,34.0000,0.8664
0.8540,34.5000,0.8667
0.8540,35.0000,0.8670
0.8540,35.5000,0.8673
0.8540,36.0000,0.8676
0.8540,36.5000,0.8680
0.8540,37.0000,0.8683
0.8540,37.5000,0.8686
0.8540,38.0000,0.8689
0.8540,38.5000,0.8693
0.8540,39.0000,0.8696
0.8540,39.5000,0.8699
0.8540,40.0000,0.8702
0.8540,40.5000,0.8705
0.8540,41.0000,0.8708
0.8540,41.5000,0.8711
0.8540,42.0000,0.8715
0.8540,42.5000,0.8718
0.8540,43.0000,0.8721
0.8540,43.5000,0.8724
0.8540,44.0000,0.8727
0.8540,44.5000,0.8730
0.8540,45.0000,0.8734
0.8540,45.5000,0.8737
0.8540,46.0000,0.8740
0.8540,46.5000,0.8743
0.8540,47.0000,0.8746
0.8540,47.5000,0.8749
0.8540,48.0000,0.8753
0.8540,48.5000,0.8756
0.8540,49.0000,0.8759
0.8540,49.5000,0.8762
0.8540,50.0000,0.8765
0.8550,10.0000,0.8517
0.8550,10.5000,0.8520
0.8550,11.0000,0.8524
0.8550,11.5000,0.8527
0.8550,12.0000,0.8530
0.8550,12.5000,0.8534
0.8550,13.0000,0.8537
0.8550,13.5000,0.8540
0.8550,14.0000,0.8543
0.8550,14.5000,0.8547
0.8550,15.0000,0.8550
0.8550,15.5000,0.8553
0.8550,16.0000,0.8557
0.8550,16.5000,0.8560
0.8550,17.0000,0.8563
0.8550,17.5000,0.8566
0.8550,18.0000,0.8570
0.8550,18.5000,0.8573
0.8550,19.0000,0.8576
0.8550,19.5000,0.8580
0.8550,20.0000,0.8583
0.8550,20.5000,0.8586
0.8550,21.0000,0.8589
0.8550,21.5000,0.8593
0.8550,22.0000,0.8596
0.8550,22.5000,0.8599
0.8550,23.0000,0.8602
0.8550,23.5000,0.8606
0.8550,24.0000,0.8609
0.8550,24.5000,0.8612
0.8550,25.0000,0.8615
0.8550,25.5000,0.8619
0.8550,26.0000,0.8622
0.8550,26.5000,0.8625
0.8550,27.0000,0.8528
0.8550,27.5000,0.8632
0.8550,28.0000,0.8635
0.8550,28.5000,0.8638
0.8550,29.0000,0.8641
0.8550,29.5000,0.8645
0.8550,30.0000,0.8648
0.8550,30.5000,0.8651
0.8550,31.0000,0.8654
0.8550,31.5000,0.8657
0.8550,32.0000,0.8661
0.8550,32.5000,0.8664
0.8550,33.0000,0.8667
0.8550,33.5000,0.8670
0.8550,34.0000,0.8674
0.8550,34.5000,0.8677
0.8550,35.0000,0.8680
0.8550,35.5000,0.8683
0.8550,36.0000,0.8686
0.8550,36.5000,0.8690
0.8550,37.0000,0.8693
0.8550,37.5000,0.8696
0.8550,38.0000,0.8699
0.8550,38.5000,0.8702
0.8550,39.0000,0.8705
0.8550,39.5000,0.8709
0.8550,40.0000,0.8712
0.8550,40.5000,0.8715
0.8550,41.0000,0.8718
0.8550,41.5000,0.8721
0.8550,42.0000,0.8724
0.8550,42.5000,0.8728
0.8550,43.0000,0.8731
0.8550,43.5000,0.8734
0.8550,44.0000,0.8737
0.8550,44.5000,0.8740
0.8550,45.0000,0.8743
0.8550,45.5000,0.8747
0.8550,46.0000,0.8750
0.8550,46.5000,0.8753
0.8550,47.0000,0.8756
0.8550,47.5000,0.8759
0.8550,48.0000,0.8762
0.8550,48.5000,0.8766
0.8550,49.0000,0.8769
0.8550,49.5000,0.8772
0.8550,50.0000,0.8775
0.8560,10.0000,0.8527
0.8560,10.5000,0.8530
0.8560,11.0000,0.8534
0.8560,11.5000,0.8537
0.8560,12.0000,0.8540
0.8560,12.5000,0.8544
0.8560,13.0000,0.8547
0.8560,13.5000,0.8550
0.8560,14.0000,0.8553
0.8560,14.5000,0.8557
0.8560,15.0000,0.8560
0.8560,15.5000,0.8563
0.8560,16.0000,0.8567
0.8560,16.5000,0.8570
0.8560,17.0000,0.8573
0.8560,17.5000,0.8576
0.8560,18.0000,0.8580
0.8560,18.5000,0.8583
0.8560,19.0000,0.8586
0.8560,19.5000,0.8590
0.8560,20.0000,0.8593
0.8560,20.5000,0.8596
0.8560,21.0000,0.8599
0.8560,21.5000,0.8603
0.8560,22.0000,0.8606
0.8560,22.5000,0.8609
0.8560,23.0000,0.8612
0.8560,23.5000,0.8616
0.8560,24.0000,0.8619
0.8560,24.5000,0.8622
0.8560,25.0000,0.8625
0.8560,25.5000,0.8629
0.8560,26.0000,0.8632
0.8560,26.5000,0.8635
0.8560,27.0000,0.8538
0.8560,27.5000,0.8642
0.8560,28.0000,0.8645
0.8560,28.5000,0.8648
0.8560,29.0000,0.8651
0.8560,29.5000,0.8655
0.8560,30.0000,0.8658
0.8560,30.5000,0.8661
0.8560,31.0000,0.8664
0.8560,31.5000,0.8667
0.8560,32.0000,0.8671
0.8560,32.5000,0.8674
0.8560,33.0000,0.8677
0.8560,33.5000,0.8680
0.8560,34.0000,0.8683
0.8560,34.5000,0.8687
0.8560,35.0000,0.8690
0.8560,35.5000,0.8693
0.8560,36.0000,0.8696
0.8560,36.5000,0.8699
0.8560,37.0000,0.8703
0.8560,37.5000,0.8706
0.8560,38.0000,0.8709
0.8560,38.5000,0.8712
0.8560,39.0000,0.8715
0.8560,39.5000,0.8718
0.8560,40.0000,0.8722
0.8560,40.5000,0.8725
0.8560,41.0000,0.8728
0.8560,41.5000,0.8731
0.8560,42.0000,0.8734
0.8560,42.5000,0.8737
0.8560,43.0000,0.8741
0.8560,43.5000,0.8744
0.8560,44.0000,0.8747
0.8560,44.5000,0.8750
0.8560,45.0000,0.8753
0.8560,45.5000,0.8757
0.8560,46.0000,0.8760
0.8560,46.5000,0.8763
0.8560,47.0000,0.8766
0.8560,47.5000,0.8769
0.8560,48.0000,0.8772
0.8560,48.5000,0.8775
0.8560,49.0000,0.8779
0.8560,49.5000,0.8782
0.8560,50.0000,0.8785
0.8570,10.0000,0.8537
0.8570,10.5000,0.8540
0.8570,11.0000,0.8544
0.8570,11.5000,0.8547
0.8570,12.0000,0.8550
0.8570,12.5000,0.8554
0.8570,13.0000,0.8557
0.8570,13.5000,0.8560
0.8570,14.0000,0.8563
0.8570,14.5000,0.8567
0.8570,15.0000,0.8570
0.8570,15.5000,0.8573
0.8570,16.0000,0.8577
0.8570,16.5000,0.8580
0.8570,17.0000,0.8583
0.8570,17.5000,0.8586
0.8570,18.0000,0.8590
0.8570,18.5000,0.8593
0.8570,19.0000,0.8596
0.8570,19.5000,0.8600
0.8570,20.0000,0.8603
0.8570,20.5000,0.8606
0.8570,21.0000,0.8609
0.8570,21.5000,0.8613
0.8570,22.0000,0.8616
0.8570,22.5000,0.8619
0.8570,23.0000,0.8622
0.8570,23.5000,0.8626
0.8570,24.0000,0.8629
0.8570,24.5000,0.8632
0.8570,25.0000,0.8635
0.8570,25.5000,0.8639
0.8570,26.0000,0.8642
0.8570,26.5000,0.8645
0.8570,27.0000,0.8548
0.8570,27.5000,0.8652
0.8570,28.0000,0.8655
0.8570,28.5000,0.8658
0.8570,29.0000,0.8661
0.8570,29.5000,0.8664
0.8570,30.0000,0.8668
0.8570,30.5000,0.8671
0.8570,31.0000,0.8674
0.8570,31.5000,0.8677
0.8570,32.0000,0.8681
0.8570,32.5000,0.8684
0.8570,33.0000,0.8687
0.8570,33.5000,0.8690
0.8570,34.0000,0.8693
0.8570,34.5000,0.8697
0.8570,35.0000,0.8700
0.8570,35.5000,0.8703
0.8570,36.0000,0.8706
0.8570,36.5000,0.8709
0.8570,37.0000,0.8712
0.8570,37.5000,0.8716
0.8570,38.0000,0.8719
0.8570,38.5000,0.8722
0.8570,39.0000,0.8725
0.8570,39.5000,0.8728
0.8570,40.0000,0.8732
0.8570,40.5000,0.8735
0.8570,41.0000,0.8738
0.8570,41.5000,0.8741
0.8570,42.0000,0.8744
0.8570,42.5000,0.8747
0.8570,43.0000,0.8751
0.8570,43.5000,0.8754
0.8570,44.0000,0.8757
0.8570,44.5000,0.8760
0.8570,45.0000,0.8763
0.8570,45.5000,0.8766
0.8570,46.0000,0.8770
0.8570,46.5000,0.8773
0.8570,47.0000,0.8776
0.8570,47.5000,0.8779
0.8570,48.0000,0.8782
0.8570,48.5000,0.8785
0.8570,49.0000,0.8789
0.8570,49.5000,0.8792
0.8570,50.0000,0.8795
0.8580,10.0000,0.8547
0.8580,10.5000,0.8550
0.8580,11.0000,0.8554
0.8580,11.5000,0.8557
0.8580,12.0000,0.8560
0.8580,12.5000,0.8564
0.8580,13.0000,0.8567
0.8580,13.5000,0.8570
0.8580,14.0000,0.8573
0.8580,14.5000,0.8577
0.8580,15.0000,0.8580
0.8580,15.5000,0.8583
0.8580,16.0000,0.8587
0.8580,16.5000,0.8590
0.8580,17.0000,0.8593
0.8580,17.5000,0.8596
0.8580,18.0000,0.8600
0.8580,18.5000,0.8603
0.8580,19.0000,0.8606
0.8580,19.5000,0.8610
0.8580,20.0000,0.8613
0.8580,20.5000,0.8616
0.8580,21.0000,0.8619
0.8580,21.5000,0.8623
0.8580,22.0000,0.8626
0.8580,22.5000,0.8629
0.8580,23.0000,0.8632
0.8580,23.5000,0.8636
0.8580,24.0000,0.8639
0.8580,24.5000,0.8642
0.8580,25.0000,0.8645
0.8580,25.5000,0.8649
0.8580,26.0000,0.8652
0.8580,26.5000,0.8655
0.8580,27.0000,0.8558
0.8580,27.5000,0.8661
0.8580,28.0000,0.8665
0.8580,28.5000,0.8668
0.8580,29.0000,0.8671
0.8580,29.5000,0.8674
0.8580,30.0000,0.8678
0.8580,30.5000,0.8681
0.8580,31.0000,0.8684
0.8580,31.5000,0.8687
0.8580,32.0000,0.8690
0.8580,32.5000,0.8694
0.8580,33.0000,0.8697
0.8580,33.5000,0.8700
0.8580,34.0000,0.8703
0.8580,34.5000,0.8706
0.8580,35.0000,0.8710
0.8580,35.5000,0.8713
0.8580,36.0000,0.8716
0.8580,36.5000,0.8719
0.8580,37.0000,0.8722
0.8580,37.5000,0.8726
0.8580,38.0000,0.8729
0.8580,38.5000,0.8732
0.8580,39.0000,0.8735
0.8580,39.5000,0.8738
0.8580,40.0000,0.8741
0.8580,40.5000,0.8745
0.8580,41.0000,0.8748
0.8580,41.5000,0.8751
0.8580,42.0000,0.8754
0.8580,42.5000,0.8757
0.8580,43.0000,0.8760
0.8580,43.5000,0.8764
0.8580,44.0000,0.8767
0.8580,44.5000,0.8770
0.8580,45.0000,0.8773
0.8580,45.5000,0.8776
0.8580,46.0000,0.8779
0.8580,46.5000,0.8783
0.8580,47.0000,0.8786
0.8580,47.5000,0.8789
0.8580,48.0000,0.8792
0.8580,48.5000,0.8795
0.8580,49.0000,0.8798
0.8580,49.5000,0.8802
0.8580,50.0000,0.8805
0.8590,10.0000,0.8557
0.8590,10.5000,0.8560
0.8590,11.0000,0.8564
0.8590,11.5000,0.8567
0.8590,12.0000,0.8570
0.8590,12.5000,0.8574
0.8590,13.0000,0.8577
0.8590,13.5000,0.8580
0.8590,14.0000,0.8583
0.8590,14.5000,0.8587
0.8590,15.0000,0.8590
0.8590,15.5000,0.8593
0.8590,16.0000,0.8597
0.8590,16.5000,0.8600
0.8590,17.0000,0.8603
0.8590,17.5000,0.8606
0.8590,18.0000,0.8610
0.8590,18.5000,0.8613
0.8590,19.0000,0.8616
0.8590,19.5000,0.8619
0.8590,20.0000,0.8623
0.8590,20.5000,0.8626
0.8590,21.0000,0.8629
0.8590,21.5000,0.8633
0.8590,22.0000,0.8636
0.8590,22.5000,0.8639
0.8590,23.0000,0.8642
0.8590,23.5000,0.8646
0.8590,24.0000,0.8649
0.8590,24.5000,0.8652
0.8590,25.0000,0.8655
0.8590,25.5000,0.8658
0.8590,26.0000,0.8662
0.8590,26.5000,0.8665
0.8590,27.0000,0.8568
0.8590,27.5000,0.8671
0.8590,28.0000,0.8675
0.8590,28.5000,0.8678
0.8590,29.0000,0.8681
0.8590,29.5000,0.8684
0.8590,30.0000,0.8687
0.8590,30.5000,0.8691
0.8590,31.0000,0.8694
0.8590,31.5000,0.8697
0.8590,32.0000,0.8700
0.8590,32.5000,0.8704
0.8590,33.0000,0.8707
0.8590,33.5000,0.8710
0.8590,34.0000,0.8713
0.8590,34.5000,0.8716
0.8590,35.0000,0.8719
0.8590,35.5000,0.8723
0.8590,36.0000,0.8726
0.8590,36.5000,0.8729
0.8590,37.0000,0.8732
0.8590,37.5000,0.8735
0.8590,38.0000,0.8739
0.8590,38.5000,0.8742
0.8590,39.0000,0.8745
0.8590,39.5000,0.8748
0.8590,40.0000,0.8751
0.8590,40.5000,0.8755
0.8590,41.0000,0.8758
0.8590,41.5000,0.8761
0.8590,42.0000,0.8764
0.8590,42.5000,0.8767
0.8590,43.0000,0.8770
0.8590,43.5000,0.8774
0.8590,44.0000,0.8777
0.8590,44.5000,0.8780
0.8590,45.0000,0.8783
0.8590,45.5000,0.8786
0.8590,46.0000,0.8789
0.8590,46.5000,0.8793
0.8590,47.0000,0.8796
0.8590,47.5000,0.8799
0.8590,48.0000,0.8802
0.8590,48.5000,0.8805
0.8590,49.0000,0.8808
0.8590,49.5000,0.8811
0.8590,50.0000,0.8815
0.8600,10.0000,0.8567
0.8600,10.5000,0.8570
0.8600,11.0000,0.8574
0.8600,11.5000,0.8577
0.8600,12.0000,0.8580
0.8600,12.5000,0.8584
0.8600,13.0000,0.8587
0.8600,13.5000,0.8590
0.8600,14.0000,0.8593
0.8600,14.5000,0.8597
0.8600,15.0000,0.8600
0.8600,15.5000,0.8603
0.8600,16.0000,0.8607
0.8600,16.5000,0.8610
0.8600,17.0000,0.8613
0.8600,17.5000,0.8616
0.8600,18.0000,0.8620
0.8600,18.5000,0.8623
0.8600,19.0000,0.8626
0.8600,19.5000,0.8629
0.8600,20.0000,0.8633
0.8600,20.5000,0.8636
0.8600,21.0000,0.8639
0.8600,21.5000,0.8642
0.8600,22.0000,0.8646
0.8600,22.5000,0.8649
0.8600,23.0000,0.8652
0.8600,23.5000,0.8655
0.8600,24.0000,0.8659
0.8600,24.5000,0.8662
0.8600,25.0000,0.9064
0.8600,25.5000,0.9067
0.8600,26.0000,0.9070
0.8600,26.5000,0.9073
0.8600,27.0000,0.9077
0.8600,27.5000,0.9080
0.8600,28.0000,0.9083
0.8600,28.5000,0.9086
0.8600,29.0000,0.9089
0.8600,29.5000,0.9092
0.8600,30.0000,0.9096
0.8600,30.5000,0.9099
0.8600,31.0000,0.9102
0.8600,31.5000,0.9105
0.8600,32.0000,0.9108
0.8600,32.5000,0.9111
0.8600,33.0000,0.9114
0.8600,33.5000,0.9118
0.8600,34.0000,0.9121
0.8600,34.5000,0.9124
0.8600,35.0000,0.9127
0.8600,35.5000,0.9130
0.8600,36.0000,0.9133
0.8600,36.5000,0.9137
0.8600,37.0000,0.9140
0.8600,37.5000,0.9143
0.8600,38.0000,0.9146
0.8600,38.5000,0.9149
0.8600,39.0000,0.9152
0.8600,39.5000,0.9155
0.8600,40.0000,0.9159
0.8600,40.5000,0.9162
0.8600,41.0000,0.9165
0.8600,41.5000,0.9168
0.8600,42.0000,0.9171
0.8600,42.5000,0.9174
0.8600,43.0000,0.9177
0.8600,43.5000,0.9180
0.8600,44.0000,0.9184
0.8600,44.5000,0.9187
0.8600,45.0000,0.9190
0.8600,45.5000,0.9193
0.8600,46.0000,0.9196
0.8600,46.5000,0.9199
0.8600,47.0000,0.9202
0.8600,47.5000,0.9205
0.8600,48.0000,0.9208
0.8600,48.5000,0.9212
0.8600,49.0000,0.9215
0.8600,49.5000,0.9218
0.8600,50.0000,0.9221
0.8610,10.0000,0.8577
0.8610,10.5000,0.8580
0.8610,11.0000,0.8584
0.8610,11.5000,0.8587
0.8610,12.0000,0.8590
0.8610,12.5000,0.8594
0.8610,13.0000,0.8597
0.8610,13.5000,0.8600
0.8610,14.0000,0.8603
0.8610,14.5000,0.8607
0.8610,15.0000,0.8610
0.8610,15.5000,0.8613
0.8610,16.0000,0.8617
0.8610,16.5000,0.8620
0.8610,17.0000,0.8623
0.8610,17.5000,0.8626
0.8610,18.0000,0.8630
0.8610,18.5000,0.8633
0.8610,19.0000,0.8636
0.8610,19.5000,0.8639
0.8610,20.0000,0.8643
0.8610,20.5000,0.8646
0.8610,21.0000,0.8649
0.8610,21.5000,0.8652
0.8610,22.0000,0.8656
0.8610,22.5000,0.8659
0.8610,23.0000,0.8662
0.8610,23.5000,0.8665
0.8610,24.0000,0.8669
0.8610,24.5000,0.8672
0.8610,25.0000,0.9074
0.8610,25.5000,0.9077
0.8610,26.0000,0.9080
0.8610,26.5000,0.9083
0.8610,27.0000,0.9087
0.8610,27.5000,0.9090
0.8610,28.0000,0.9093
0.8610,28.5000,0.9096
0.8610,29.0000,0.9099
0.8610,29.5000,0.9102
0.8610,30.0000,0.9106
0.8610,30.5000,0.9109
0.8610,31.0000,0.9112
0.8610,31.5000,0.9115
0.8610,32.0000,0.9118
0.8610,32.5000,0.9121
0.8610,33.0000,0.9124
0.8610,33.5000,0.9128
0.8610,34.0000,0.9131
0.8610,34.5000,0.9134
0.8610,35.0000,0.9137
0.8610,35.5000,0.9140
0.8610,36.0000,0.9143
0.8610,36.5000,0.9147
0.8610,37.0000,0.9150
0.8610,37.5000,0.9153
0.8610,38.0000,0.9156
0.8610,38.5000,0.9159
0.8610,39.0000,0.9162
0.8610,39.5000,0.9165
0.8610,40.0000,0.9169
0.8610,40.5000,0.9172
0.8610,41.0000,0.9175
0.8610,41.5000,0.9178
0.8610,42.0000,0.9181
0.8610,42.5000,0.9184
0.8610,43.0000,0.9187
0.8610,43.5000,0.9190
0.8610,44.0000,0.9194
0.8610,44.5000,0.9197
0.8610,45.0000,0.9200
0.8610,45.5000,0.9203
0.8610,46.0000,0.9206
0.8610,46.5000,0.9209
0.8610,47.0000,0.9212
0.8610,47.5000,0.9215
0.8610,48.0000,0.9218
0.8610,48.5000,0.9222
0.8610,49.0000,0.9225
0.8610,49.5000,0.9228
0.8610,50.0000,0.9231
0.8620,10.0000,0.8587
0.8620,10.5000,0.8590
0.8620,11.0000,0.8594
0.8620,11.5000,0.8597
0.8620,12.0000,0.8600
0.8620,12.5000,0.8604
0.8620,13.0000,0.8607
0.8620,13.5000,0.8610
0.8620,14.0000,0.8613
0.8620,14.5000,0.8617
0.8620,15.0000,0.8620
0.8620,15.5000,0.8623
0.8620,16.0000,0.8627
0.8620,16.5000,0.8630
0.8620,17.0000,0.8633
0.8620,17.5000,0.8636
0.8620,18.0000,0.8640
0.8620,18.5000,0.8643
0.8620,19.0000,0.8646
0.8620,19.5000,0.8649
0.8620,20.0000,0.8653
0.8620,20.5000,0.8656
0.8620,21.0000,0.8659
0.8620,21.5000,0.8662
0.8620,22.0000,0.8666
0.8620,22.5000,0.8669
0.8620,23.0000,0.8672
0.8620,23.5000,0.8675
0.8620,24.0000,0.8679
0.8620,24.5000,0.8682
0.8620,25.0000,0.9084
0.8620,25.5000,0.9087
0.8620,26.0000,0.9090
0.8620,26.5000,0.9093
0.8620,27.0000,0.9096
0.8620,27.5000,0.9100
0.8620,28.0000,0.9103
0.8620,28.5000,0.9106
0.8620,29.0000,0.9109
0.8620,29.5000,0.9112
0.8620,30.0000,0.9116
0.8620,30.5000,0.9119
0.8620,31.0000,0.9122
0.8620,31.5000,0.9125
0.8620,32.0000,0.9128
0.8620,32.5000,0.9131
0.8620,33.0000,0.9134
0.8620,33.5000,0.9138
0.8620,34.0000,0.9141
0.8620,34.5000,0.9144
0.8620,35.0000,0.9147
0.8620,35.5000,0.9150
0.8620,36.0000,0.9153
0.8620,36.5000,0.9157
0.8620,37.0000,0.9160
0.8620,37.5000,0.9163
0.8620,38.0000,0.9166
0.8620,38.5000,0.9169
0.8620,39.0000,0.9172
0.8620,39.5000,0.9175
0.8620,40.0000,0.9178
0.8620,40.5000,0.9182
0.8620,41.0000,0.9185
0.8620,41.5000,0.9188
0.8620,42.0000,0.9191
0.8620,42.5000,0.9194
0.8620,43.0000,0.9197
0.8620,43.5000,0.9200
0.8620,44.0000,0.9203
0.8620,44.5000,0.9207
0.8620,45.0000,0.9210
0.8620,45.5000,0.9213
0.8620,46.0000,0.9216
0.8620,46.5000,0.9219
0.8620,47.0000,0.9222
0.8620,47.5000,0.9225
0.8620,48.0000,0.9228
0.8620,48.5000,0.9231
0.8620,49.0000,0.9235
0.8620,49.5000,0.9238
0.8620,50.0000,0.9241
0.8630,10.0000,0.8597
0.8630,10.5000,0.8600
0.8630,11.0000,0.8604
0.8630,11.5000,0.8607
0.8630,12.0000,0.8610
0.8630,12.5000,0.8614
0.8630,13.0000,0.8617
0.8630,13.5000,0.8620
0.8630,14.0000,0.8623
0.8630,14.5000,0.8627
0.8630,15.0000,0.8630
0.8630,15.5000,0.8633
0.8630,16.0000,0.8637
0.8630,16.5000,0.8640
0.8630,17.0000,0.8643
0.8630,17.5000,0.8646
0.8630,18.0000,0.8650
0.8630,18.5000,0.8653
0.8630,19.0000,0.8656
0.8630,19.5000,0.8659
0.8630,20.0000,0.8663
0.8630,20.5000,0.8666
0.8630,21.0000,0.8669
0.8630,21.5000,0.8672
0.8630,22.0000,0.8676
0.8630,22.5000,0.8679
0.8630,23.0000,0.8682
0.8630,23.5000,0.8685
0.8630,24.0000,0.8688
0.8630,24.5000,0.8692
0.8630,25.0000,0.9094
0.8630,25.5000,0.9097
0.8630,26.0000,0.9100
0.8630,26.5000,0.9103
0.8630,27.0000,0.9106
0.8630,27.5000,0.9110
0.8630,28.0000,0.9113
0.8630,28.5000,0.9116
0.8630,29.0000,0.9119
0.8630,29.5000,0.9122
0.8630,30.0000,0.9125
0.8630,30.5000,0.9129
0.8630,31.0000,0.9132
0.8630,31.5000,0.9135
0.8630,32.0000,0.9138
0.8630,32.5000,0.9141
0.8630,33.0000,0.9144
0.8630,33.5000,0.9148
0.8630,34.0000,0.9151
0.8630,34.5000,0.9154
0.8630,35.0000,0.9157
0.8630,35.5000,0.9160
0.8630,36.0000,0.9163
0.8630,36.5000,0.9166
0.8630,37.0000,0.9170
0.8630,37.5000,0.9173
0.8630,38.0000,0.9176
0.8630,38.5000,0.9179
0.8630,39.0000,0.9182
0.8630,39.5000,0.9185
0.8630,40.0000,0.9188
0.8630,40.5000,0.9192
0.8630,41.0000,0.9195
0.8630,41.5000,0.9198
0.8630,42.0000,0.9201
0.8630,42.5000,0.9204
0.8630,43.0000,0.9207
0.8630,43.5000,0.9210
0.8630,44.0000,0.9213
0.8630,44.5000,0.9217
0.8630,45.0000,0.9220
0.8630,45.5000,0.9223
0.8630,46.0000,0.9226
0.8630,46.5000,0.9229
0.8630,47.0000,0.9232
0.8630,47.5000,0.9235
0.8630,48.0000,0.9238
0.8630,48.5000,0.9241
0.8630,49.0000,0.9245
0.8630,49.5000,0.9248
0.8630,50.0000,0.9251
0.8640,10.0000,0.8607
0.8640,10.5000,0.8610
0.8640,11.0000,0.8614
0.8640,11.5000,0.8617
0.8640,12.0000,0.8620
0.8640,12.5000,0.8624
0.8640,13.0000,0.8627
0.8640,13.5000,0.8630
0.8640,14.0000,0.8633
0.8640,14.5000,0.8637
0.8640,15.0000,0.8640
0.8640,15.5000,0.8643
0.8640,16.0000,0.8647
0.8640,16.5000,0.8650
0.8640,17.0000,0.8653
0.8640,17.5000,0.8656
0.8640,18.0000,0.8660
0.8640,18.5000,0.8663
0.8640,19.0000,0.8666
0.8640,19.5000,0.8669
0.8640,20.0000,0.8673
0.8640,20.5000,0.8676
0.8640,21.0000,0.8679
0.8640,21.5000,0.8682
0.8640,22.0000,0.8686
0.8640,22.5000,0.8689
0.8640,23.0000,0.8692
0.8640,23.5000,0.8695
0.8640,24.0000,0.8699
0.8640,24.5000,0.8702
0.8640,25.0000,0.9104
0.8640,25.5000,0.9107
0.8640,26.0000,0.9110
0.8640,26.5000,0.9113
0.8640,27.0000,0.9116
0.8640,27.5000,0.9120
0.8640,28.0000,0.9123
0.8640,28.5000,0.9126
0.8640,29.0000,0.9129
0.8640,29.5000,0.9132
0.8640,30.0000,0.9135
0.8640,30.5000,0.9139
0.8640,31.0000,0.9142
0.8640,31.5000,0.9145
0.8640,32.0000,0.9148
0.8640,32.5000,0.9151
0.8640,33.0000,0.9154
0.8640,33.5000,0.9158
0.8640,34.0000,0.9161
0.8640,34.5000,0.9164
0.8640,35.0000,0.9167
0.8640,35.5000,0.9170
0.8640,36.0000,0.9173
0.8640,36.5000,0.9176
0.8640,37.0000,0.9180
0.8640,37.5000,0.9183
0.8640,38.0000,0.9186
0.8640,38.5000,0.9189
0.8640,39.0000,0.9192
0.8640,39.5000,0.9195
0.8640,40.0000,0.9198
0.8640,40.5000,0.9202
0.8640,41.0000,0.9205
0.8640,41.5000,0.9208
0.8640,42.0000,0.9211
0.8640,42.5000,0.9214
0.8640,43.0000,0.9217
0.8640,43.5000,0.9220
0.8640,44.0000,0.9223
0.8640,44.5000,0.9227
0.8640,45.0000,0.9230
0.8640,45.5000,0.9233
0.8640,46.0000,0.9236
0.8640,46.5000,0.9239
0.8640,47.0000,0.9242
0.8640,47.5000,0.9245
0.8640,48.0000,0.9248
0.8640,48.5000,0.9251
0.8640,49.0000,0.9255
0.8640,49.5000,0.9258
0.8640,50.0000,0.9261
0.8650,10.0000,0.8617
0.8650,10.5000,0.8620
0.8650,11.0000,0.8624
0.8650,11.5000,0.8627
0.8650,12.0000,0.8630
0.8650,12.5000,0.8634
0.8650,13.0000,0.8637
0.8650,13.5000,0.8640
0.8650,14.0000,0.8643
0.8650,14.5000,0.8647
0.8650,15.0000,0.8650
0.8650,15.5000,0.8653
0.8650,16.0000,0.8657
0.8650,16.5000,0.8660
0.8650,17.0000,0.8663
0.8650,17.5000,0.8666
0.8650,18.0000,0.8670
0.8650,18.5000,0.8673
0.8650,19.0000,0.8676
0.8650,19.5000,0.8679
0.8650,20.0000,0.8683
0.8650,20.5000,0.8686
0.8650,21.0000,0.8689
0.8650,21.5000,0.8692
0.8650,22.0000,0.8696
0.8650,22.5000,0.8699
0.8650,23.0000,0.8702
0.8650,23.5000,0.8705
0.8650,24.0000,0.8708
0.8650,24.5000,0.8712
0.8650,25.0000,0.9114
0.8650,25.5000,0.9117
0.8650,26.0000,0.9120
0.8650,26.5000,0.9123
0.8650,27.0000,0.9126
0.8650,27.5000,0.9130
0.8650,28.0000,0.9133
0.8650,28.5000,0.9136
0.8650,29.0000,0.9139
0.8650,29.5000,0.9142
0.8650,30.0000,0.9145
0.8650,30.5000,0.9149
0.8650,31.0000,0.9152
0.8650,31.5000,0.9155
0.8650,32.0000,0.9158
0.8650,32.5000,0.9161
0.8650,33.0000,0.9164
0.8650,33.5000,0.9168
0.8650,34.0000,0.9171
0.8650,34.5000,0.9174
0.8650,35.0000,0.9177
0.8650,35.5000,0.9180
0.8650,36.0000,0.9183
0.8650,36.5000,0.9186
0.8650,37.0000,0.9190
0.8650,37.5000,0.9193
0.8650,38.0000,0.9196
0.8650,38.5000,0.9199
0.8650,39.0000,0.9202
0.8650,39.5000,0.9205
0.8650,40.0000,0.9208
0.8650,40.5000,0.9212
0.8650,41.0000,0.9215
0.8650,41.5000,0.9218
0.8650,42.0000,0.9221
0.8650,42.5000,0.9224
0.8650,43.0000,0.9227
0.8650,43.5000,0.9230
0.8650,44.0000,0.9233
0.8650,44.5000,0.9236
0.8650,45.0000,0.9240
0.8650,45.5000,0.9243
0.8650,46.0000,0.9246
0.8650,46.5000,0.9249
0.8650,47.0000,0.9252
0.8650,47.5000,0.9255
0.8650,48.0000,0.9258
0.8650,48.5000,0.9261
0.8650,49.0000,0.9264
0.8650,49.5000,0.9268
0.8650,50.0000,0.9271
0.8660,10.0000,0.8627
0.8660,10.5000,0.8631
0.8660,11.0000,0.8634
0.8660,11.5000,0.8637
0.8660,12.0000,0.8640
0.8660,12.5000,0.8644
0.8660,13.0000,0.8647
0.8660,13.5000,0.8650
0.8660,14.0000,0.8653
0.8660,14.5000,0.8657
0.8660,15.0000,0.8660
0.8660,15.5000,0.8663
0.8660,16.0000,0.8667
0.8660,16.5000,0.8670
0.8660,17.0000,0.8673
0.8660,17.5000,0.8676
0.8660,18.0000,0.8680
0.8660,18.5000,0.8683
0.8660,19.0000,0.8686
0.8660,19.5000,0.8689
0.8660,20.0000,0.8693
0.8660,20.5000,0.8696
0.8660,21.0000,0.8699
0.8660,21.5000,0.8702
0.8660,22.0000,0.8706
0.8660,22.5000,0.8709
0.8660,23.0000,0.8712
0.8660,23.5000,0.8715
0.8660,24.0000,0.8718
0.8660,24.5000,0.8722
0.8660,25.0000,0.9124
0.8660,25.5000,0.9127
0.8660,26.0000,0.9130
0.8660,26.5000,0.9133
0.8660,27.0000,0.9136
0.8660,27.5000,0.9140
0.8660,28.0000,0.9143
0.8660,28.5000,0.9146
0.8660,29.0000,0.9149
0.8660,29.5000,0.9152
0.8660,30.0000,0.9155
0.8660,30.5000,0.9159
0.8660,31.0000,0.9162
0.8660,31.5000,0.9165
0.8660,32.0000,0.9168
0.8660,32.5000,0.9171
0.8660,33.0000,0.9174
0.8660,33.5000,0.9178
0.8660,34.0000,0.9181
0.8660,34.5000,0.9184
0.8660,35.0000,0.9187
0.8660,35.5000,0.9190
0.8660,36.0000,0.9193
0.8660,36.5000,0.9196
0.8660,37.0000,0.9200
0.8660,37.5000,0.9203
0.8660,38.0000,0.9206
0.8660,38.5000,0.9209
0.8660,39.0000,0.9212
0.8660,39.5000,0.9215
0.8660,40.0000,0.9218
0.8660,40.5000,0.9221
0.8660,41.0000,0.9225
0.8660,41.5000,0.9228
0.8660,42.0000,0.9231
0.8660,42.5000,0.9234
0.8660,43.0000,0.9237
0.8660,43.5000,0.9240
0.8660,44.0000,0.9243
0.8660,44.5000,0.9246
0.8660,45.0000,0.9250
0.8660,45.5000,0.9253
0.8660,46.0000,0.9256
0.8660,46.5000,0.9259
0.8660,47.0000,0.9262
0.8660,47.5000,0.9265
0.8660,48.0000,0.9268
0.8660,48.5000,0.9271
0.8660,49.0000,0.9274
0.8660,49.5000,0.9278
0.8660,50.0000,0.9281
0.8670,10.0000,0.8637
0.8670,10.5000,0.8641
0.8670,11.0000,0.8644
0.8670,11.5000,0.8647
0.8670,12.0000,0.8650
0.8670,12.5000,0.8654
0.8670,13.0000,0.8657
0.8670,13.5000,0.8660
0.8670,14.0000,0.8663
0.8670,14.5000,0.8667
0.8670,15.0000,0.8670
0.8670,15.5000,0.8673
0.8670,16.0000,0.8677
0.8670,16.5000,0.8680
0.8670,17.0000,0.8683
0.8670,17.5000,0.8686
0.8670,18.0000,0.8690
0.8670,18.5000,0.8693
0.8670,19.0000,0.8696
0.8670,19.5000,0.8699
0.8670,20.0000,0.8703
0.8670,20.5000,0.8706
0.8670,21.0000,0.8709
0.8670,21.5000,0.8712
0.8670,22.0000,0.8715
0.8670,22.5000,0.8719
0.8670,23.0000,0.8722
0.8670,23.5000,0.8725
0.8670,24.0000,0.8728
0.8670,24.5000,0.8732
0.8670,25.0000,0.9134
0.8670,25.5000,0.9137
0.8670,26.0000,0.9140
0.8670,26.5000,0.9143
0.8670,27.0000,0.9146
0.8670,27.5000,0.9150
0.8670,28.0000,0.9153
0.8670,28.5000,0.9156
0.8670,29.0000,0.9159
0.8670,29.5000,0.9162
0.8670,30.0000,0.9165
0.8670,30.5000,0.9169
0.8670,31.0000,0.9172
0.8670,31.5000,0.9175
0.8670,32.0000,0.9178
0.8670,32.5000,0.9181
0.8670,33.0000,0.9184
0.8670,33.5000,0.9188
0.8670,34.0000,0.9191
0.8670,34.5000,0.9194
0.8670,35.0000,0.9197
0.8670,35.5000,0.9200
0.8670,36.0000,0.9203
0.8670,36.5000,0.9206
0.8670,37.0000,0.9210
0.8670,37.5000,0.9213
0.8670,38.0000,0.9216
0.8670,38.5000,0.9219
0.8670,39.0000,0.9222
0.8670,39.5000,0.9225
0.8670,40.0000,0.9228
0.8670,40.5000,0.9231
0.8670,41.0000,0.9235
0.8670,41.5000,0.9238
0.8670,42.0000,0.9241
0.8670,42.5000,0.9244
0.8670,43.0000,0.9247
0.8670,43.5000,0.9250
0.8670,44.0000,0.9253
0.8670,44.5000,0.9256
0.8670,45.0000,0.9260
0.8670,45.5000,0.9263
0.8670,46.0000,0.9266
0.8670,46.5000,0.9269
0.8670,47.0000,0.9272
0.8670,47.5000,0.9275
0.8670,48.0000,0.9278
0.8670,48.5000,0.9281
0.8670,49.0000,0.9284
0.8670,49.5000,0.9287
0.8670,50.0000,0.9291
0.8680,10.0000,0.8647
0.8680,10.5000,0.8651
0.8680,11.0000,0.8654
0.8680,11.5000,0.8657
0.8680,12.0000,0.8660
0.8680,12.5000,0.8664
0.8680,13.0000,0.8667
0.8680,13.5000,0.8670
0.8680,14.0000,0.8673
0.8680,14.5000,0.8677
0.8680,15.0000,0.8680
0.8680,15.5000,0.8683
0.8680,16.0000,0.8687
0.8680,16.5000,0.8690
0.8680,17.0000,0.8693
0.8680,17.5000,0.8696
0.8680,18.0000,0.8700
0.8680,18.5000,0.8703
0.8680,19.0000,0.8706
0.8680,19.5000,0.8709
0.8680,20.0000,0.8713
0.8680,20.5000,0.8716
0.8680,21.0000,0.8719
0.8680,21.5000,0.8722
0.8680,22.0000,0.8725
0.8680,22.5000,0.8729
0.8680,23.0000,0.8732
0.8680,23.5000,0.8735
0.8680,24.0000,0.8738
0.8680,24.5000,0.8742
0.8680,25.0000,0.9144
0.8680,25.5000,0.9147
0.8680,26.0000,0.9150
0.8680,26.5000,0.9153
0.8680,27.0000,0.9156
0.8680,27.5000,0.9160
0.8680,28.0000,0.9163
0.8680,28.5000,0.9166
0.8680,29.0000,0.9169
0.8680,29.5000,0.9172
0.8680,30.0000,0.9175
0.8680,30.5000,0.9179
0.8680,31.0000,0.9182
0.8680,31.5000,0.9185
0.8680,32.0000,0.9188
0.8680,32.5000,0.9191
0.8680,33.0000,0.9194
0.8680,33.5000,0.9197
0.8680,34.0000,0.9201
0.8680,34.5000,0.9204
0.8680,35.0000,0.9207
0.8680,35.5000,0.9210
0.8680,36.0000,0.9213
0.8680,36.5000,0.9216
0.8680,37.0000,0.9219
0.8680,37.5000,0.9223
0.8680,38.0000,0.9226
0.8680,38.5000,0.9229
0.8680,39.0000,0.9232
0.8680,39.5000,0.9235
0.8680,40.0000,0.9238
0.8680,40.5000,0.9241
0.8680,41.0000,0.9245
0.8680,41.5000,0.9248
0.8680,42.0000,0.9251
0.8680,42.5000,0.9254
0.8680,43.0000,0.9257
0.8680,43.5000,0.9260
0.8680,44.0000,0.9263
0.8680,44.5000,0.9266
0.8680,45.0000,0.9269
0.8680,45.5000,0.9273
0.8680,46.0000,0.9276
0.8680,46.5000,0.9279
0.8680,47.0000,0.9282
0.8680,47.5000,0.9285
0.8680,48.0000,0.9288
0.8680,48.5000,0.9291
0.8680,49.0000,0.9294
0.8680,49.5000,0.9297
0.8680,50.0000,0.9300
0.8690,10.0000,0.8657
0.8690,10.5000,0.8661
0.8690,11.0000,0.8664
0.8690,11.5000,0.8667
0.8690,12.0000,0.8670
0.8690,12.5000,0.8674
0.8690,13.0000,0.8677
0.8690,13.5000,0.8680
0.8690,14.0000,0.8683
0.8690,14.5000,0.8687
0.8690,15.0000,0.8690
0.8690,15.5000,0.8693
0.8690,16.0000,0.8697
0.8690,16.5000,0.8700
0.8690,17.0000,0.8703
0.8690,17.5000,0.8706
0.8690,18.0000,0.8710
0.8690,18.5000,0.8713
0.8690,19.0000,0.8716
0.8690,19.5000,0.8719
0.8690,20.0000,0.8722
0.8690,20.5000,0.8726
0.8690,21.0000,0.8729
0.8690,21.5000,0.8732
0.8690,22.0000,0.8735
0.8690,22.5000,0.8739
0.8690,23.0000,0.8742
0.8690,23.5000,0.8745
0.8690,24.0000,0.8748
0.8690,24.5000,0.8752
0.8690,25.0000,0.9154
0.8690,25.5000,0.9157
0.8690,26.0000,0.9160
0.8690,26.5000,0.9163
0.8690,27.0000,0.9166
0.8690,27.5000,0.9170
0.8690,28.0000,0.9173
0.8690,28.5000,0.9176
0.8690,29.0000,0.9179
0.8690,29.5000,0.9182
0.8690,30.0000,0.9185
0.8690,30.5000,0.9189
0.8690,31.0000,0.9192
0.8690,31.5000,0.9195
0.8690,32.0000,0.9198
0.8690,32.5000,0.9201
0.8690,33.0000,0.9204
0.8690,33.5000,0.9207
0.8690,34.0000,0.9211
0.8690,34.5000,0.9214
0.8690,35.0000,0.9217
0.8690,35.5000,0.9220
0.8690,36.0000,0.9223
0.8690,36.5000,0.9226
0.8690,37.0000,0.9229
0.8690,37.5000,0.9233
0.8690,38.0000,0.9236
0.8690,38.5000,0.9239
0.8690,39.0000,0.9242
0.8690,39.5000,0.9245
0.8690,40.0000,0.9248
0.8690,40.5000,0.9251
0.8690,41.0000,0.9255
0.8690,41.5000,0.9258
0.8690,42.0000,0.9261
0.8690,42.5000,0.9264
0.8690,43.0000,0.9267
0.8690,43.5000,0.9270
0.8690,44.0000,0.9273
0.8690,44.5000,0.9276
0.8690,45.0000,0.9279
0.8690,45.5000,0.9283
0.8690,46.0000,0.9286
0.8690,46.5000,0.9289
0.8690,47.0000,0.9292
0.8690,47.5000,0.9295
0.8690,48.0000,0.9298
0.8690,48.5000,0.9301
0.8690,49.0000,0.9304
0.8690,49.5000,0.9307
0.8690,50.0000,0.9310
0.8700,25.0000,0.8765
0.8700,25.5000,0.8768
0.8700,26.0000,0.8771
0.8700,26.5000,0.8774
0.8700,27.0000,0.8778
0.8700,27.5000,0.8781
0.8700,28.0000,0.8784
0.8700,28.5000,0.8787
0.8700,29.0000,0.8790
0.8700,29.5000,0.8794
0.8700,30.0000,0.8797
0.8700,30.5000,0.8800
0.8700,31.0000,0.8803
0.8700,31.5000,0.8806
0.8700,32.0000,0.8810
0.8700,32.5000,0.8813
0.8700,33.0000,0.8816
0.8700,33.5000,0.8819
0.8700,34.0000,0.8822
0.8700,34.5000,0.8825
0.8700,35.0000,0.8829
0.8700,35.5000,0.8832
0.8700,36.0000,0.8835
0.8700,36.5000,0.8838
0.8700,37.0000,0.8841
0.8700,37.5000,0.8845
0.8700,38.0000,0.8848
0.8700,38.5000,0.8851
0.8700,39.0000,0.8854
0.8700,39.5000,0.8857
0.8700,40.0000,0.8860
0.8700,40.5000,0.8864
0.8700,41.0000,0.8867
0.8700,41.5000,0.8870
0.8700,42.0000,0.8873
0.8700,42.5000,0.8876
0.8700,43.0000,0.8879
0.8700,43.5000,0.8882
0.8700,44.0000,0.8886
0.8700,44.5000,0.8889
0.8700,45.0000,0.8892
0.8700,45.5000,0.8895
0.8700,46.0000,0.8898
0.8700,46.5000,0.8901
0.8700,47.0000,0.8904
0.8700,47.5000,0.8907
0.8700,48.0000,0.8911
0.8700,48.5000,0.8914
0.8700,49.0000,0.8917
0.8700,49.5000,0.8920
0.8700,50.0000,0.8923
0.8710,25.0000,0.8775
0.8710,25.5000,0.8778
0.8710,26.0000,0.8781
0.8710,26.5000,0.8784
0.8710,27.0000,0.8788
0.8710,27.5000,0.8791
0.8710,28.0000,0.8794
0.8710,28.5000,0.8797
0.8710,29.0000,0.8800
0.8710,29.5000,0.8804
0.8710,30.0000,0.8807
0.8710,30.5000,0.8810
0.8710,31.0000,0.8813
0.8710,31.5000,0.8816
0.8710,32.0000,0.8819
0.8710,32.5000,0.8823
0.8710,33.0000,0.8826
0.8710,33.5000,0.8829
0.8710,34.0000,0.8832
0.8710,34.5000,0.8835
0.8710,35.0000,0.8839
0.8710,35.5000,0.8842
0.8710,36.0000,0.8845
0.8710,36.5000,0.8848
0.8710,37.0000,0.8851
0.8710,37.5000,0.8854
0.8710,38.0000,0.8858
0.8710,38.5000,0.8861
0.8710,39.0000,0.8864
0.8710,39.5000,0.8867
0.8710,40.0000,0.8870
0.8710,40.5000,0.8873
0.8710,41.0000,0.8877
0.8710,41.5000,0.8880
0.8710,42.0000,0.8883
0.8710,42.5000,0.8886
0.8710,43.0000,0.8889
0.8710,43.5000,0.8892
0.8710,44.0000,0.8895
0.8710,44.5000,0.8899
0.8710,45.0000,0.8902
0.8710,45.5000,0.8905
0.8710,46.0000,0.8908
0.8710,46.5000,0.8911
0.8710,47.0000,0.8914
0.8710,47.5000,0.8917
0.8710,48.0000,0.8921
0.8710,48.5000,0.8924
0.8710,49.0000,0.8927
0.8710,49.5000,0.8930
0.8710,50.0000,0.8933
0.8720,25.0000,0.8785
0.8720,25.5000,0.8788
0.8720,26.0000,0.8791
0.8720,26.5000,0.8794
0.8720,27.0000,0.8797
0.8720,27.5000,0.8801
0.8720,28.0000,0.8804
0.8720,28.5000,0.8807
0.8720,29.0000,0.8810
0.8720,29.5000,0.8813
0.8720,30.0000,0.8817
0.8720,30.5000,0.8820
0.8720,31.0000,0.8823
0.8720,31.5000,0.8826
0.8720,32.0000,0.8829
0.8720,32.5000,0.8833
0.8720,33.0000,0.8836
0.8720,33.5000,0.8839
0.8720,34.0000,0.8842
0.8720,34.5000,0.8845
0.8720,35.0000,0.8849
0.8720,35.5000,0.8852
0.8720,36.0000,0.8855
0.8720,36.5000,0.8858
0.8720,37.0000,0.8861
0.8720,37.5000,0.8864
0.8720,38.0000,0.8868
0.8720,38.5000,0.8871
0.8720,39.0000,0.8874
0.8720,39.5000,0.8877
0.8720,40.0000,0.8880
0.8720,40.5000,0.8883
0.8720,41.0000,0.8886
0.8720,41.5000,0.8890
0.8720,42.0000,0.8893
0.8720,42.5000,0.8896
0.8720,43.0000,0.8899
0.8720,43.5000,0.8902
0.8720,44.0000,0.8905
0.8720,44.5000,0.8908
0.8720,45.0000,0.8912
0.8720,45.5000,0.8915
0.8720,46.0000,0.8918
0.8720,46.5000,0.8921
0.8720,47.0000,0.8924
0.8720,47.5000,0.8927
0.8720,48.0000,0.8930
0.8720,48.5000,0.8933
0.8720,49.0000,0.8937
0.8720,49.5000,0.8940
0.8720,50.0000,0.8943
0.8730,25.0000,0.8795
0.8730,25.5000,0.8798
0.8730,26.0000,0.8801
0.8730,26.5000,0.8804
0.8730,27.0000,0.8807
0.8730,27.5000,0.8811
0.8730,28.0000,0.8814
0.8730,28.5000,0.8817
0.8730,29.0000,0.8820
0.8730,29.5000,0.8823
0.8730,30.0000,0.8827
0.8730,30.5000,0.8830
0.8730,31.0000,0.8833
0.8730,31.5000,0.8836
0.8730,32.0000,0.8839
0.8730,32.5000,0.8843
0.8730,33.0000,0.8846
0.8730,33.5000,0.8849
0.8730,34.0000,0.8852
0.8730,34.5000,0.8855
0.8730,35.0000,0.8858
0.8730,35.5000,0.8862
0.8730,36.0000,0.8865
0.8730,36.5000,0.8868
0.8730,37.0000,0.8871
0.8730,37.5000,0.8874
0.8730,38.0000,0.8877
0.8730,38.5000,0.8881
0.8730,39.0000,0.8884
0.8730,39.5000,0.8887
0.8730,40.0000,0.8890
0.8730,40.5000,0.8893
0.8730,41.0000,0.8896
0.8730,41.5000,0.8900
0.8730,42.0000,0.8903
0.8730,42.5000,0.8906
0.8730,43.0000,0.8909
0.8730,43.5000,0.8912
0.8730,44.0000,0.8915
0.8730,44.5000,0.8918
0.8730,45.0000,0.8922
0.8730,45.5000,0.8925
0.8730,46.0000,0.8928
0.8730,46.5000,0.8931
0.8730,47.0000,0.8934
0.8730,47.5000,0.8937
0.8730,48.0000,0.8940
0.8730,48.5000,0.8943
0.8730,49.0000,0.8946
0.8730,49.5000,0.8950
0.8730,50.0000,0.8953
0.8740,25.0000,0.8805
0.8740,25.5000,0.8808
0.8740,26.0000,0.8811
0.8740,26.5000,0.8814
0.8740,27.0000,0.8817
0.8740,27.5000,0.8821
0.8740,28.0000,0.8824
0.8740,28.5000,0.8827
0.8740,29.0000,0.8830
0.8740,29.5000,0.8833
0.8740,30.0000,0.8837
0.8740,30.5000,0.8840
0.8740,31.0000,0.8843
0.8740,31.5000,0.8846
0.8740,32.0000,0.8849
0.8740,32.5000,0.8852
0.8740,33.0000,0.8856
0.8740,33.5000,0.8859
0.8740,34.0000,0.8862
0.8740,34.5000,0.8865
0.8740,35.0000,0.8868
0.8740,35.5000,0.8872
0.8740,36.0000,0.8875
0.8740,36.5000,0.8878
0.8740,37.0000,0.8881
0.8740,37.5000,0.8884
0.8740,38.0000,0.8887
0.8740,38.5000,0.8891
0.8740,39.0000,0.8894
0.8740,39.5000,0.8897
0.8740,40.0000,0.8900
0.8740,40.5000,0.8903
0.8740,41.0000,0.8906
0.8740,41.5000,0.8909
0.8740,42.0000,0.8913
0.8740,42.5000,0.8916
0.8740,43.0000,0.8919
0.8740,43.5000,0.8922
0.8740,44.0000,0.8925
0.8740,44.5000,0.8928
0.8740,45.0000,0.8931
0.8740,45.5000,0.8935
0.8740,46.0000,0.8938
0.8740,46.5000,0.8941
0.8740,47.0000,0.8944
0.8740,47.5000,0.8947
0.8740,48.0000,0.8950
0.8740,48.5000,0.8953
0.8740,49.0000,0.8956
0.8740,49.5000,0.8959
0.8740,50.0000,0.8963
0.8750,25.0000,0.8815
0.8750,25.5000,0.8818
0.8750,26.0000,0.8821
0.8750,26.5000,0.8824
0.8750,27.0000,0.8827
0.8750,27.5000,0.8831
0.8750,28.0000,0.8834
0.8750,28.5000,0.8837
0.8750,29.0000,0.8840
0.8750,29.5000,0.8843
0.8750,30.0000,0.8847
0.8750,30.5000,0.8850
0.8750,31.0000,0.8853
0.8750,31.5000,0.8856
0.8750,32.0000,0.8859
0.8750,32.5000,0.8862
0.8750,33.0000,0.8866
0.8750,33.5000,0.8869
0.8750,34.0000,0.8872
0.8750,34.5000,0.8875
0.8750,35.0000,0.8878
0.8750,35.5000,0.8881
0.8750,36.0000,0.8885
0.8750,36.5000,0.8888
0.8750,37.0000,0.8891
0.8750,37.5000,0.8894
0.8750,38.0000,0.8897
0.8750,38.5000,0.8900
0.8750,39.0000,0.8904
0.8750,39.5000,0.8907
0.8750,40.0000,0.8910
0.8750,40.5000,0.8913
0.8750,41.0000,0.8916
0.8750,41.5000,0.8919
0.8750,42.0000,0.8922
0.8750,42.5000,0.8926
0.8750,43.0000,0.8929
0.8750,43.5000,0.8932
0.8750,44.0000,0.8935
0.8750,44.5000,0.8938
0.8750,45.0000,0.8941
0.8750,45.5000,0.8944
0.8750,46.0000,0.8948
0.8750,46.5000,0.8951
0.8750,47.0000,0.8954
0.8750,47.5000,0.8957
0.8750,48.0000,0.8960
0.8750,48.5000,0.8963
0.8750,49.0000,0.8966
0.8750,49.5000,0.8969
0.8750,50.0000,0.8972
0.8760,25.0000,0.8824
0.8760,25.5000,0.8828
0.8760,26.0000,0.8831
0.8760,26.5000,0.8834
0.8760,27.0000,0.8837
0.8760,27.5000,0.8841
0.8760,28.0000,0.8844
0.8760,28.5000,0.8847
0.8760,29.0000,0.8850
0.8760,29.5000,0.8853
0.8760,30.0000,0.8856
0.8760,30.5000,0.8860
0.8760,31.0000,0.8863
0.8760,31.5000,0.8866
0.8760,32.0000,0.8869
0.8760,32.5000,0.8872
0.8760,33.0000,0.8876
0.8760,33.5000,0.8879
0.8760,34.0000,0.8882
0.8760,34.5000,0.8885
0.8760,35.0000,0.8888
0.8760,35.5000,0.8891
0.8760,36.0000,0.8895
0.8760,36.5000,0.8898
0.8760,37.0000,0.8901
0.8760,37.5000,0.8904
0.8760,38.0000,0.8907
0.8760,38.5000,0.8910
0.8760,39.0000,0.8914
0.8760,39.5000,0.8917
0.8760,40.0000,0.8920
0.8760,40.5000,0.8923
0.8760,41.0000,0.8926
0.8760,41.5000,0.8929
0.8760,42.0000,0.8932
0.8760,42.5000,0.8936
0.8760,43.0000,0.8939
0.8760,43.5000,0.8942
0.8760,44.0000,0.8945
0.8760,44.5000,0.8948
0.8760,45.0000,0.8951
0.8760,45.5000,0.8954
0.8760,46.0000,0.8957
0.8760,46.5000,0.8961
0.8760,47.0000,0.8964
0.8760,47.5000,0.8967
0.8760,48.0000,0.8970
0.8760,48.5000,0.8973
0.8760,49.0000,0.8976
0.8760,49.5000,0.8979
0.8760,50.0000,0.8982
0.8770,25.0000,0.8834
0.8770,25.5000,0.8838
0.8770,26.0000,0.8841
0.8770,26.5000,0.8844
0.8770,27.0000,0.8847
0.8770,27.5000,0.8850
0.8770,28.0000,0.8854
0.8770,28.5000,0.8857
0.8770,29.0000,0.8860
0.8770,29.5000,0.8863
0.8770,30.0000,0.8866
0.8770,30.5000,0.8870
0.8770,31.0000,0.8873
0.8770,31.5000,0.8876
0.8770,32.0000,0.8879
0.8770,32.5000,0.8882
0.8770,33.0000,0.8885
0.8770,33.5000,0.8889
0.8770,34.0000,0.8892
0.8770,34.5000,0.8895
0.8770,35.0000,0.8898
0.8770,35.5000,0.8901
0.8770,36.0000,0.8904
0.8770,36.5000,0.8908
0.8770,37.0000,0.8911
0.8770,37.5000,0.8914
0.8770,38.0000,0.8917
0.8770,38.5000,0.8920
0.8770,39.0000,0.8923
0.8770,39.5000,0.8927
0.8770,40.0000,0.8930
0.8770,40.5000,0.8933
0.8770,41.0000,0.8936
0.8770,41.5000,0.8939
0.8770,42.0000,0.8942
0.8770,42.5000,0.8945
0.8770,43.0000,0.8949
0.8770,43.5000,0.8952
0.8770,44.0000,0.8955
0.8770,44.5000,0.8958
0.8770,45.0000,0.8961
0.8770,45.5000,0.8964
0.8770,46.0000,0.8967
0.8770,46.5000,0.8970
0.8770,47.0000,0.8974
0.8770,47.5000,0.8977
0.8770,48.0000,0.8980
0.8770,48.5000,0.8983
0.8770,49.0000,0.8986
0.8770,49.5000,0.8989
0.8770,50.0000,0.8992
0.8780,25.0000,0.8844
0.8780,25.5000,0.8848
0.8780,26.0000,0.8851
0.8780,26.5000,0.8854
0.8780,27.0000,0.8857
0.8780,27.5000,0.8860
0.8780,28.0000,0.8864
0.8780,28.5000,0.8867
0.8780,29.0000,0.8870
0.8780,29.5000,0.8873
0.8780,30.0000,0.8876
0.8780,30.5000,0.8880
0.8780,31.0000,0.8883
0.8780,31.5000,0.8886
0.8780,32.0000,0.8889
0.8780,32.5000,0.8892
0.8780,33.0000,0.8895
0.8780,33.5000,0.8899
0.8780,34.0000,0.8902
0.8780,34.5000,0.8905
0.8780,35.0000,0.8908
0.8780,35.5000,0.8911
0.8780,36.0000,0.8914
0.8780,36.5000,0.8918
0.8780,37.0000,0.8921
0.8780,37.5000,0.8924
0.8780,38.0000,0.8927
0.8780,38.5000,0.8930
0.8780,39.0000,0.8933
0.8780,39.5000,0.8936
0.8780,40.0000,0.8940
0.8780,40.5000,0.8943
0.8780,41.0000,0.8946
0.8780,41.5000,0.8949
0.8780,42.0000,0.8952
0.8780,42.5000,0.8955
0.8780,43.0000,0.8958
0.8780,43.5000,0.8962
0.8780,44.0000,0.8965
0.8780,44.5000,0.8968
0.8780,45.0000,0.8971
0.8780,45.5000,0.8974
0.8780,46.0000,0.8977
0.8780,46.5000,0.8980
0.8780,47.0000,0.8983
0.8780,47.5000,0.8987
0.8780,48.0000,0.8990
0.8780,48.5000,0.8993
0.8780,49.0000,0.8996
0.8780,49.5000,0.8999
0.8780,50.0000,0.9002
0.8790,25.0000,0.8854
0.8790,25.5000,0.8857
0.8790,26.0000,0.8861
0.8790,26.5000,0.8864
0.8790,27.0000,0.8867
0.8790,27.5000,0.8870
0.8790,28.0000,0.8874
0.8790,28.5000,0.8877
0.8790,29.0000,0.8880
0.8790,29.5000,0.8883
0.8790,30.0000,0.8886
0.8790,30.5000,0.8889
0.8790,31.0000,0.8893
0.8790,31.5000,0.8896
0.8790,32.0000,0.8899
0.8790,32.5000,0.8902
0.8790,33.0000,0.8905
0.8790,33.5000,0.8909
0.8790,34.0000,0.8912
0.8790,34.5000,0.8915
0.8790,35.0000,0.8918
0.8790,35.5000,0.8921
0.8790,36.0000,0.8924
0.8790,36.5000,0.8928
0.8790,37.0000,0.8931
0.8790,37.5000,0.8934
0.8790,38.0000,0.8937
0.8790,38.5000,0.8940
0.8790,39.0000,0.8943
0.8790,39.5000,0.8946
0.8790,40.0000,0.8950
0.8790,40.5000,0.8953
0.8790,41.0000,0.8956
0.8790,41.5000,0.8959
0.8790,42.0000,0.8962
0.8790,42.5000,0.8965
0.8790,43.0000,0.8968
0.8790,43.5000,0.8971
0.8790,44.0000,0.8975
0.8790,44.5000,0.8978
0.8790,45.0000,0.8981
0.8790,45.5000,0.8984
0.8790,46.0000,0.8987
0.8790,46.5000,0.8990
0.8790,47.0000,0.8993
0.8790,47.5000,0.8996
0.8790,48.0000,0.8999
0.8790,48.5000,0.9003
0.8790,49.0000,0.9006
0.8790,49.5000,0.9009
0.8790,50.0000,0.9012
0.8800,25.0000,0.8864
0.8800,25.5000,0.8868
0.8800,26.0000,0.8871
0.8800,26.5000,0.8874
0.8800,27.0000,0.8877
0.8800,27.5000,0.8880
0.8800,28.0000,0.8884
0.8800,28.5000,0.8887
0.8800,29.0000,0.8890
0.8800,29.5000,0.8893
0.8800,30.0000,0.8896
0.8800,30.5000,0.8899
0.8800,31.0000,0.8903
0.8800,31.5000,0.8906
0.8800,32.0000,0.8909
0.8800,32.5000,0.8912
0.8800,33.0000,0.8915
0.8800,33.5000,0.8918
0.8800,34.0000,0.8922
0.8800,34.5000,0.8925
0.8800,35.0000,0.8928
0.8800,35.5000,0.8931
0.8800,36.0000,0.8934
0.8800,36.5000,0.8937
0.8800,37.0000,0.8941
0.8800,37.5000,0.8944
0.8800,38.0000,0.8947
0.8800,38.5000,0.8950
0.8800,39.0000,0.8953
0.8800,39.5000,0.8956
0.8800,40.0000,0.8959
0.8800,40.5000,0.8963
0.8800,41.0000,0.8966
0.8800,41.5000,0.8969
0.8800,42.0000,0.8972
0.8800,42.5000,0.8975
0.8800,43.0000,0.8978
0.8800,43.5000,0.8981
0.8800,44.0000,0.8985
0.8800,44.5000,0.8988
0.8800,45.0000,0.8991
0.8800,45.5000,0.8994
0.8800,46.0000,0.8997
0.8800,46.5000,0.9000
0.8800,47.0000,0.9003
0.8800,47.5000,0.9006
0.8800,48.0000,0.9009
0.8800,48.5000,0.9013
0.8800,49.0000,0.9016
0.8800,49.5000,0.9019
0.8800,50.0000,0.9022
0.8810,25.0000,0.8874
0.8810,25.5000,0.8878
0.8810,26.0000,0.8881
0.8810,26.5000,0.8884
0.8810,27.0000,0.8887
0.8810,27.5000,0.8890
0.8810,28.0000,0.8893
0.8810,28.5000,0.8897
0.8810,29.0000,0.8900
0.8810,29.5000,0.8903
0.8810,30.0000,0.8906
0.8810,30.5000,0.8909
0.8810,31.0000,0.8913
0.8810,31.5000,0.8916
0.8810,32.0000,0.8919
0.8810,32.5000,0.8922
0.8810,33.0000,0.8925
0.8810,33.5000,0.8928
0.8810,34.0000,0.8932
0.8810,34.5000,0.8935
0.8810,35.0000,0.8938
0.8810,35.5000,0.8941
0.8810,36.0000,0.8944
0.8810,36.5000,0.8947
0.8810,37.0000,0.8951
0.8810,37.5000,0.8954
0.8810,38.0000,0.8957
0.8810,38.5000,0.8960
0.8810,39.0000,0.8963
0.8810,39.5000,0.8966
0.8810,40.0000,0.8969
0.8810,40.5000,0.8973
0.8810,41.0000,0.8976
0.8810,41.5000,0.8979
0.8810,42.0000,0.8982
0.8810,42.5000,0.8985
0.8810,43.0000,0.8988
0.8810,43.5000,0.8991
0.8810,44.0000,0.8994
0.8810,44.5000,0.8997
0.8810,45.0000,0.9001
0.8810,45.5000,0.9004
0.8810,46.0000,0.9007
0.8810,46.5000,0.9010
0.8810,47.0000,0.9013
0.8810,47.5000,0.9016
0.8810,48.0000,0.9019
0.8810,48.5000,0.9022
0.8810,49.0000,0.9026
0.8810,49.5000,0.9029
0.8810,50.0000,0.9032
0.8820,25.0000,0.8884
0.8820,25.5000,0.8887
0.8820,26.0000,0.8891
0.8820,26.5000,0.8894
0.8820,27.0000,0.8897
0.8820,27.5000,0.8900
0.8820,28.0000,0.8903
0.8820,28.5000,0.8907
0.8820,29.0000,0.8910
0.8820,29.5000,0.8913
0.8820,30.0000,0.8916
0.8820,30.5000,0.8919
0.8820,31.0000,0.8923
0.8820,31.5000,0.8926
0.8820,32.0000,0.8929
0.8820,32.5000,0.8932
0.8820,33.0000,0.8935
0.8820,33.5000,0.8938
0.8820,34.0000,0.8942
0.8820,34.5000,0.8945
0.8820,35.0000,0.8948
0.8820,35.5000,0.8951
0.8820,36.0000,0.8954
0.8820,36.5000,0.8957
0.8820,37.0000,0.8960
0.8820,37.5000,0.8964
0.8820,38.0000,0.8967
0.8820,38.5000,0.8970
0.8820,39.0000,0.8973
0.8820,39.5000,0.8976
0.8820,40.0000,0.8979
0.8820,40.5000,0.8982
0.8820,41.0000,0.8986
0.8820,41.5000,0.8989
0.8820,42.0000,0.8992
0.8820,42.5000,0.8995
0.8820,43.0000,0.8998
0.8820,43.5000,0.9001
0.8820,44.0000,0.9004
0.8820,44.5000,0.9007
0.8820,45.0000,0.9011
0.8820,45.5000,0.9014
0.8820,46.0000,0.9017
0.8820,46.5000,0.9020
0.8820,47.0000,0.9023
0.8820,47.5000,0.9026
0.8820,48.0000,0.9029
0.8820,48.5000,0.9032
0.8820,49.0000,0.9036
0.8820,49.5000,0.9039
0.8820,50.0000,0.9042
0.8830,25.0000,0.8894
0.8830,25.5000,0.8897
0.8830,26.0000,0.8901
0.8830,26.5000,0.8904
0.8830,27.0000,0.8907
0.8830,27.5000,0.8910
0.8830,28.0000,0.8913
0.8830,28.5000,0.8917
0.8830,29.0000,0.8920
0.8830,29.5000,0.8923
0.8830,30.0000,0.8926
0.8830,30.5000,0.8929
0.8830,31.0000,0.8932
0.8830,31.5000,0.8936
0.8830,32.0000,0.8939
0.8830,32.5000,0.8942
0.8830,33.0000,0.8945
0.8830,33.5000,0.8948
0.8830,34.0000,0.8951
0.8830,34.5000,0.8955
0.8830,35.0000,0.8958
0.8830,35.5000,0.8961
0.8830,36.0000,0.8964
0.8830,36.5000,0.8967
0.8830,37.0000,0.8970
0.8830,37.5000,0.8974
0.8830,38.0000,0.8977
0.8830,38.5000,0.8980
0.8830,39.0000,0.8983
0.8830,39.5000,0.8986
0.8830,40.0000,0.8989
0.8830,40.5000,0.8992
0.8830,41.0000,0.8995
0.8830,41.5000,0.8999
0.8830,42.0000,0.9002
0.8830,42.5000,0.9005
0.8830,43.0000,0.9008
0.8830,43.5000,0.9011
0.8830,44.0000,0.9014
0.8830,44.5000,0.9017
0.8830,45.0000,0.9020
0.8830,45.5000,0.9024
0.8830,46.0000,0.9027
0.8830,46.5000,0.9030
0.8830,47.0000,0.9033
0.8830,47.5000,0.9036
0.8830,48.0000,0.9039
0.8830,48.5000,0.9042
0.8830,49.0000,0.9046
0.8830,49.5000,0.9049
0.8830,50.0000,0.9052
0.8840,25.0000,0.8904
0.8840,25.5000,0.8907
0.8840,26.0000,0.8911
0.8840,26.5000,0.8914
0.8840,27.0000,0.8917
0.8840,27.5000,0.8920
0.8840,28.0000,0.8923
0.8840,28.5000,0.8927
0.8840,29.0000,0.8930
0.8840,29.5000,0.8933
0.8840,30.0000,0.8936
0.8840,30.5000,0.8939
0.8840,31.0000,0.8942
0.8840,31.5000,0.8946
0.8840,32.0000,0.8949
0.8840,32.5000,0.8952
0.8840,33.0000,0.8955
0.8840,33.5000,0.8958
0.8840,34.0000,0.8961
0.8840,34.5000,0.8965
0.8840,35.0000,0.8968
0.8840,35.5000,0.8971
0.8840,36.0000,0.8974
0.8840,36.5000,0.8977
0.8840,37.0000,0.8980
0.8840,37.5000,0.8983
0.8840,38.0000,0.8987
0.8840,38.5000,0.8990
0.8840,39.0000,0.8993
0.8840,39.5000,0.8996
0.8840,40.0000,0.8999
0.8840,40.5000,0.9002
0.8840,41.0000,0.9005
0.8840,41.5000,0.9008
0.8840,42.0000,0.9012
0.8840,42.5000,0.9015
0.8840,43.0000,0.9018
0.8840,43.5000,0.9021
0.8840,44.0000,0.9024
0.8840,44.5000,0.9027
0.8840,45.0000,0.9030
0.8840,45.5000,0.9034
0.8840,46.0000,0.9037
0.8840,46.5000,0.9040
0.8840,47.0000,0.9043
0.8840,47.5000,0.9046
0.8840,48.0000,0.9049
0.8840,48.5000,0.9052
0.8840,49.0000,0.9055
0.8840,49.5000,0.9059
0.8840,50.0000,0.9062
0.8850,25.0000,0.8914
0.8850,25.5000,0.8917
0.8850,26.0000,0.8921
0.8850,26.5000,0.8924
0.8850,27.0000,0.8927
0.8850,27.5000,0.8930
0.8850,28.0000,0.8933
0.8850,28.5000,0.8936
0.8850,29.0000,0.8940
0.8850,29.5000,0.8943
0.8850,30.0000,0.8946
0.8850,30.5000,0.8949
0.8850,31.0000,0.8952
0.8850,31.5000,0.8956
0.8850,32.0000,0.8959
0.8850,32.5000,0.8962
0.8850,33.0000,0.8965
0.8850,33.5000,0.8968
0.8850,34.0000,0.8971
0.8850,34.5000,0.8974
0.8850,35.0000,0.8978
0.8850,35.5000,0.8981
0.8850,36.0000,0.8984
0.8850,36.5000,0.8987
0.8850,37.0000,0.8990
0.8850,37.5000,0.8993
0.8850,38.0000,0.8996
0.8850,38.5000,0.9000
0.8850,39.0000,0.9003
0.8850,39.5000,0.9006
0.8850,40.0000,0.9009
0.8850,40.5000,0.9012
0.8850,41.0000,0.9015
0.8850,41.5000,0.9018
0.8850,42.0000,0.9022
0.8850,42.5000,0.9025
0.8850,43.0000,0.9028
0.8850,43.5000,0.9031
0.8850,44.0000,0.9034
0.8850,44.5000,0.9037
0.8850,45.0000,0.9040
0.8850,45.5000,0.9044
0.8850,46.0000,0.9047
0.8850,46.5000,0.9050
0.8850,47.0000,0.9053
0.8850,47.5000,0.9056
0.8850,48.0000,0.9059
0.8850,48.5000,0.9062
0.8850,49.0000,0.9065
0.8850,49.5000,0.9069
0.8850,50.0000,0.9072
0.8860,25.0000,0.8924
0.8860,25.5000,0.8927
0.8860,26.0000,0.8931
0.8860,26.5000,0.8934
0.8860,27.0000,0.8937
0.8860,27.5000,0.8940
0.8860,28.0000,0.8943
0.8860,28.5000,0.8946
0.8860,29.0000,0.8950
0.8860,29.5000,0.8953
0.8860,30.0000,0.8956
0.8860,30.5000,0.8959
0.8860,31.0000,0.8962
0.8860,31.5000,0.8965
0.8860,32.0000,0.8969
0.8860,32.5000,0.8972
0.8860,33.0000,0.8975
0.8860,33.5000,0.8978
0.8860,34.0000,0.8981
0.8860,34.5000,0.8984
0.8860,35.0000,0.8988
0.8860,35.5000,0.8991
0.8860,36.0000,0.8994
0.8860,36.5000,0.8997
0.8860,37.0000,0.9000
0.8860,37.5000,0.9003
0.8860,38.0000,0.9006
0.8860,38.5000,0.9010
0.8860,39.0000,0.9013
0.8860,39.5000,0.9016
0.8860,40.0000,0.9019
0.8860,40.5000,0.9022
0.8860,41.0000,0.9025
0.8860,41.5000,0.9028
0.8860,42.0000,0.9032
0.8860,42.5000,0.9035
0.8860,43.0000,0.9038
0.8860,43.5000,0.9041
0.8860,44.0000,0.9044
0.8860,44.5000,0.9047
0.8860,45.0000,0.9050
0.8860,45.5000,0.9053
0.8860,46.0000,0.9057
0.8860,46.5000,0.9060
0.8860,47.0000,0.9063
0.8860,47.5000,0.9066
0.8860,48.0000,0.9069
0.8860,48.5000,0.9072
0.8860,49.0000,0.9075
0.8860,49.5000,0.9078
0.8860,50.0000,0.9082
0.8870,25.0000,0.8934
0.8870,25.5000,0.8937
0.8870,26.0000,0.8941
0.8870,26.5000,0.8944
0.8870,27.0000,0.8947
0.8870,27.5000,0.8950
0.8870,28.0000,0.8953
0.8870,28.5000,0.8956
0.8870,29.0000,0.8960
0.8870,29.5000,0.8963
0.8870,30.0000,0.8966
0.8870,30.5000,0.8969
0.8870,31.0000,0.8972
0.8870,31.5000,0.8975
0.8870,32.0000,0.8979
0.8870,32.5000,0.8982
0.8870,33.0000,0.8985
0.8870,33.5000,0.8988
0.8870,34.0000,0.8991
0.8870,34.5000,0.8994
0.8870,35.0000,0.8997
0.8870,35.5000,0.9001
0.8870,36.0000,0.9004
0.8870,36.5000,0.9007
0.8870,37.0000,0.9010
0.8870,37.5000,0.9013
0.8870,38.0000,0.9016
0.8870,38.5000,0.9019
0.8870,39.0000,0.9023
0.8870,39.5000,0.9026
0.8870,40.0000,0.9029
0.8870,40.5000,0.9032
0.8870,41.0000,0.9035
0.8870,41.5000,0.9038
0.8870,42.0000,0.9042
0.8870,42.5000,0.9045
0.8870,43.0000,0.9048
0.8870,43.5000,0.9051
0.8870,44.0000,0.9054
0.8870,44.5000,0.9057
0.8870,45.0000,0.9060
0.8870,45.5000,0.9063
0.8870,46.0000,0.9067
0.8870,46.5000,0.9070
0.8870,47.0000,0.9073
0.8870,47.5000,0.9076
0.8870,48.0000,0.9079
0.8870,48.5000,0.9082
0.8870,49.0000,0.9085
0.8870,49.5000,0.9088
0.8870,50.0000,0.9092
0.8880,25.0000,0.8944
0.8880,25.5000,0.8947
0.8880,26.0000,0.8950
0.8880,26.5000,0.8954
0.8880,27.0000,0.8957
0.8880,27.5000,0.8960
0.8880,28.0000,0.8963
0.8880,28.5000,0.8966
0.8880,29.0000,0.8970
0.8880,29.5000,0.8973
0.8880,30.0000,0.8976
0.8880,30.5000,0.8979
0.8880,31.0000,0.8982
0.8880,31.5000,0.8985
0.8880,32.0000,0.8989
0.8880,32.5000,0.8992
0.8880,33.0000,0.8995
0.8880,33.5000,0.8998
0.8880,34.0000,0.9001
0.8880,34.5000,0.9004
0.8880,35.0000,0.9007
0.8880,35.5000,0.9011
0.8880,36.0000,0.9014
0.8880,36.5000,0.9017
0.8880,37.0000,0.9020
0.8880,37.5000,0.9023
0.8880,38.0000,0.9026
0.8880,38.5000,0.9029
0.8880,39.0000,0.9033
0.8880,39.5000,0.9036
0.8880,40.0000,0.9039
0.8880,40.5000,0.9042
0.8880,41.0000,0.9045
0.8880,41.5000,0.9048
0.8880,42.0000,0.9051
0.8880,42.5000,0.9055
0.8880,43.0000,0.9058
0.8880,43.5000,0.9061
0.8880,44.0000,0.9064
0.8880,44.5000,0.9067
0.8880,45.0000,0.9070
0.8880,45.5000,0.9073
0.8880,46.0000,0.9077
0.8880,46.5000,0.9080
0.8880,47.0000,0.9083
0.8880,47.5000,0.9086
0.8880,48.0000,0.9089
0.8880,48.5000,0.9092
0.8880,49.0000,0.9095
0.8880,49.5000,0.9098
0.8880,50.0000,0.9102
0.8890,25.0000,0.8954
0.8890,25.5000,0.8957
0.8890,26.0000,0.8960
0.8890,26.5000,0.8964
0.8890,27.0000,0.8967
0.8890,27.5000,0.8970
0.8890,28.0000,0.8973
0.8890,28.5000,0.8976
0.8890,29.0000,0.8979
0.8890,29.5000,0.8983
0.8890,30.0000,0.8986
0.8890,30.5000,0.8989
0.8890,31.0000,0.8992
0.8890,31.5000,0.8995
0.8890,32.0000,0.8998
0.8890,32.5000,0.9002
0.8890,33.0000,0.9005
0.8890,33.5000,0.9008
0.8890,34.0000,0.9011
0.8890,34.5000,0.9014
0.8890,35.0000,0.9017
0.8890,35.5000,0.9021
0.8890,36.0000,0.9024
0.8890,36.5000,0.9027
0.8890,37.0000,0.9030
0.8890,37.5000,0.9033
0.8890,38.0000,0.9036
0.8890,38.5000,0.9039
0.8890,39.0000,0.9043
0.8890,39.5000,0.9046
0.8890,40.0000,0.9049
0.8890,40.5000,0.9052
0.8890,41.0000,0.9055
0.8890,41.5000,0.9058
0.8890,42.0000,0.9061
0.8890,42.5000,0.9065
0.8890,43.0000,0.9068
0.8890,43.5000,0.9071
0.8890,44.0000,0.9074
0.8890,44.5000,0.9077
0.8890,45.0000,0.9080
0.8890,45.5000,0.9083
0.8890,46.0000,0.9086
0.8890,46.5000,0.9090
0.8890,47.0000,0.9093
0.8890,47.5000,0.9096
0.8890,48.0000,0.9099
0.8890,48.5000,0.9102
0.8890,49.0000,0.9105
0.8890,49.5000,0.9108
0.8890,50.0000,0.9111
0.8900,25.0000,0.8964
0.8900,25.5000,0.8967
0.8900,26.0000,0.8970
0.8900,26.5000,0.8974
0.8900,27.0000,0.8977
0.8900,27.5000,0.8980
0.8900,28.0000,0.8983
0.8900,28.5000,0.8986
0.8900,29.0000,0.8989
0.8900,29.5000,0.8993
0.8900,30.0000,0.8996
0.8900,30.5000,0.8999
0.8900,31.0000,0.9002
0.8900,31.5000,0.9005
0.8900,32.0000,0.9008
0.8900,32.5000,0.9012
0.8900,33.0000,0.9015
0.8900,33.5000,0.9018
0.8900,34.0000,0.9021
0.8900,34.5000,0.9024
0.8900,35.0000,0.9027
0.8900,35.5000,0.9030
0.8900,36.0000,0.9034
0.8900,36.5000,0.9037
0.8900,37.0000,0.9040
0.8900,37.5000,0.9043
0.8900,38.0000,0.9046
0.8900,38.5000,0.9049
0.8900,39.0000,0.9053
0.8900,39.5000,0.9056
0.8900,40.0000,0.9059
0.8900,40.5000,0.9062
0.8900,41.0000,0.9065
0.8900,41.5000,0.9068
0.8900,42.0000,0.9071
0.8900,42.5000,0.9075
0.8900,43.0000,0.9078
0.8900,43.5000,0.9081
0.8900,44.0000,0.9084
0.8900,44.5000,0.9087
0.8900,45.0000,0.9090
0.8900,45.5000,0.9093
0.8900,46.0000,0.9096
0.8900,46.5000,0.9099
0.8900,47.0000,0.9103
0.8900,47.5000,0.9106
0.8900,48.0000,0.9109
0.8900,48.5000,0.9112
0.8900,49.0000,0.9115
0.8900,49.5000,0.9118
0.8900,50.0000,0.9121
0.8910,25.0000,0.8974
0.8910,25.5000,0.8977
0.8910,26.0000,0.8980
0.8910,26.5000,0.8984
0.8910,27.0000,0.8987
0.8910,27.5000,0.8990
0.8910,28.0000,0.8993
0.8910,28.5000,0.8996
0.8910,29.0000,0.8999
0.8910,29.5000,0.9003
0.8910,30.0000,0.9006
0.8910,30.5000,0.9009
0.8910,31.0000,0.9012
0.8910,31.5000,0.9015
0.8910,32.0000,0.9018
0.8910,32.5000,0.9022
0.8910,33.0000,0.9025
0.8910,33.5000,0.9028
0.8910,34.0000,0.9031
0.8910,34.5000,0.9034
0.8910,35.0000,0.9037
0.8910,35.5000,0.9040
0.8910,36.0000,0.9044
0.8910,36.5000,0.9047
0.8910,37.0000,0.9050
0.8910,37.5000,0.9053
0.8910,38.0000,0.9056
0.8910,38.5000,0.9059
0.8910,39.0000,0.9063
0.8910,39.5000,0.9066
0.8910,40.0000,0.9069
0.8910,40.5000,0.9072
0.8910,41.0000,0.9075
0.8910,41.5000,0.9078
0.8910,42.0000,0.9081
0.8910,42.5000,0.9085
0.8910,43.0000,0.9088
0.8910,43.5000,0.9091
0.8910,44.0000,0.9094
0.8910,44.5000,0.9097
0.8910,45.0000,0.9100
0.8910,45.5000,0.9103
0.8910,46.0000,0.9106
0.8910,46.5000,0.9109
0.8910,47.0000,0.9113
0.8910,47.5000,0.9116
0.8910,48.0000,0.9119
0.8910,48.5000,0.9122
0.8910,49.0000,0.9125
0.8910,49.5000,0.9128
0.8910,50.0000,0.9131
0.8920,25.0000,0.8984
0.8920,25.5000,0.8987
0.8920,26.0000,0.8990
0.8920,26.5000,0.8993
0.8920,27.0000,0.8997
0.8920,27.5000,0.9000
0.8920,28.0000,0.9003
0.8920,28.5000,0.9006
0.8920,29.0000,0.9009
0.8920,29.5000,0.9012
0.8920,30.0000,0.9016
0.8920,30.5000,0.9019
0.8920,31.0000,0.9022
0.8920,31.5000,0.9025
0.8920,32.0000,0.9028
0.8920,32.5000,0.9031
0.8920,33.0000,0.9035
0.8920,33.5000,0.9038
0.8920,34.0000,0.9041
0.8920,34.5000,0.9044
0.8920,35.0000,0.9047
0.8920,35.5000,0.9050
0.8920,36.0000,0.9054
0.8920,36.5000,0.9057
0.8920,37.0000,0.9060
0.8920,37.5000,0.9063
0.8920,38.0000,0.9066
0.8920,38.5000,0.9069
0.8920,39.0000,0.9072
0.8920,39.5000,0.9076
0.8920,40.0000,0.9079
0.8920,40.5000,0.9082
0.8920,41.0000,0.9085
0.8920,41.5000,0.9088
0.8920,42.0000,0.9091
0.8920,42.5000,0.9094
0.8920,43.0000,0.9098
0.8920,43.5000,0.9101
0.8920,44.0000,0.9104
0.8920,44.5000,0.9107
0.8920,45.0000,0.9110
0.8920,45.5000,0.9113
0.8920,46.0000,0.9116
0.8920,46.5000,0.9119
0.8920,47.0000,0.9123
0.8920,47.5000,0.9126
0.8920,48.0000,0.9129
0.8920,48.5000,0.9132
0.8920,49.0000,0.9135
0.8920,49.5000,0.9138
0.8920,50.0000,0.9141
0.8930,25.0000,0.8994
0.8930,25.5000,0.8997
0.8930,26.0000,0.9000
0.8930,26.5000,0.9003
0.8930,27.0000,0.9007
0.8930,27.5000,0.9010
0.8930,28.0000,0.9013
0.8930,28.5000,0.9016
0.8930,29.0000,0.9019
0.8930,29.5000,0.9022
0.8930,30.0000,0.9026
0.8930,30.5000,0.9029
0.8930,31.0000,0.9032
0.8930,31.5000,0.9035
0.8930,32.0000,0.9038
0.8930,32.5000,0.9041
0.8930,33.0000,0.9045
0.8930,33.5000,0.9048
0.8930,34.0000,0.9051
0.8930,34.5000,0.9054
0.8930,35.0000,0.9057
0.8930,35.5000,0.9060
0.8930,36.0000,0.9064
0.8930,36.5000,0.9067
0.8930,37.0000,0.9070
0.8930,37.5000,0.9073
0.8930,38.0000,0.9076
0.8930,38.5000,0.9079
0.8930,39.0000,0.9082
0.8930,39.5000,0.9086
0.8930,40.0000,0.9089
0.8930,40.5000,0.9092
0.8930,41.0000,0.9095
0.8930,41.5000,0.9098
0.8930,42.0000,0.9101
0.8930,42.5000,0.9104
0.8930,43.0000,0.9108
0.8930,43.5000,0.9111
0.8930,44.0000,0.9114
0.8930,44.5000,0.9117
0.8930,45.0000,0.9120
0.8930,45.5000,0.9123
0.8930,46.0000,0.9126
0.8930,46.5000,0.9129
0.8930,47.0000,0.9133
0.8930,47.5000,0.9136
0.8930,48.0000,0.9139
0.8930,48.5000,0.9142
0.8930,49.0000,0.9145
0.8930,49.5000,0.9148
0.8930,50.0000,0.9151
0.8940,25.0000,0.9004
0.8940,25.5000,0.9007
0.8940,26.0000,0.9010
0.8940,26.5000,0.9013
0.8940,27.0000,0.9017
0.8940,27.5000,0.9020
0.8940,28.0000,0.9023
0.8940,28.5000,0.9026
0.8940,29.0000,0.9029
0.8940,29.5000,0.9032
0.8940,30.0000,0.9036
0.8940,30.5000,0.9039
0.8940,31.0000,0.9042
0.8940,31.5000,0.9045
0.8940,32.0000,0.9048
0.8940,32.5000,0.9051
0.8940,33.0000,0.9055
0.8940,33.5000,0.9058
0.8940,34.0000,0.9061
0.8940,34.5000,0.9064
0.8940,35.0000,0.9067
0.8940,35.5000,0.9070
0.8940,36.0000,0.9074
0.8940,36.5000,0.9077
0.8940,37.0000,0.9080
0.8940,37.5000,0.9083
0.8940,38.0000,0.9086
0.8940,38.5000,0.9089
0.8940,39.0000,0.9092
0.8940,39.5000,0.9096
0.8940,40.0000,0.9099
0.8940,40.5000,0.9102
0.8940,41.0000,0.9105
0.8940,41.5000,0.9108
0.8940,42.0000,0.9111
0.8940,42.5000,0.9114
0.8940,43.0000,0.9118
0.8940,43.5000,0.9121
0.8940,44.0000,0.9124
0.8940,44.5000,0.9127
0.8940,45.0000,0.9130
0.8940,45.5000,0.9133
0.8940,46.0000,0.9136
0.8940,46.5000,0.9139
0.8940,47.0000,0.9143
0.8940,47.5000,0.9146
0.8940,48.0000,0.9149
0.8940,48.5000,0.9152
0.8940,49.0000,0.9155
0.8940,49.5000,0.9158
0.8940,50.0000,0.9161
0.8950,25.0000,0.9014
0.8950,25.5000,0.9017
0.8950,26.0000,0.9020
0.8950,26.5000,0.9023
0.8950,27.0000,0.9027
0.8950,27.5000,0.9030
0.8950,28.0000,0.9033
0.8950,28.5000,0.9036
0.8950,29.0000,0.9039
0.8950,29.5000,0.9042
0.8950,30.0000,0.9046
0.8950,30.5000,0.9049
0.8950,31.0000,0.9052
0.8950,31.5000,0.9055
0.8950,32.0000,0.9058
0.8950,32.5000,0.9061
0.8950,33.0000,0.9065
0.8950,33.5000,0.9068
0.8950,34.0000,0.9071
0.8950,34.5000,0.9074
0.8950,35.0000,0.9077
0.8950,35.5000,0.9080
0.8950,36.0000,0.9084
0.8950,36.5000,0.9087
0.8950,37.0000,0.9090
0.8950,37.5000,0.9093
0.8950,38.0000,0.9096
0.8950,38.5000,0.9099
0.8950,39.0000,0.9102
0.8950,39.5000,0.9106
0.8950,40.0000,0.9109
0.8950,40.5000,0.9112
0.8950,41.0000,0.9115
0.8950,41.5000,0.9118
0.8950,42.0000,0.9121
0.8950,42.5000,0.9124
0.8950,43.0000,0.9127
0.8950,43.5000,0.9131
0.8950,44.0000,0.9134
0.8950,44.5000,0.9137
0.8950,45.0000,0.9140
0.8950,45.5000,0.9143
0.8950,46.0000,0.9146
0.8950,46.5000,0.9149
0.8950,47.0000,0.9152
0.8950,47.5000,0.9156
0.8950,48.0000,0.9159
0.8950,48.5000,0.9162
0.8950,49.0000,0.9165
0.8950,49.5000,0.9168
0.8950,50.0000,0.9171
0.8960,25.0000,0.9024
0.8960,25.5000,0.9027
0.8960,26.0000,0.9030
0.8960,26.5000,0.9033
0.8960,27.0000,0.9037
0.8960,27.5000,0.9040
0.8960,28.0000,0.9043
0.8960,28.5000,0.9046
0.8960,29.0000,0.9049
0.8960,29.5000,0.9052
0.8960,30.0000,0.9056
0.8960,30.5000,0.9059
0.8960,31.0000,0.9062
0.8960,31.5000,0.9065
0.8960,32.0000,0.9068
0.8960,32.5000,0.9071
0.8960,33.0000,0.9075
0.8960,33.5000,0.9078
0.8960,34.0000,0.9081
0.8960,34.5000,0.9084
0.8960,35.0000,0.9087
0.8960,35.5000,0.9090
0.8960,36.0000,0.9094
0.8960,36.5000,0.9097
0.8960,37.0000,0.9100
0.8960,37.5000,0.9103
0.8960,38.0000,0.9106
0.8960,38.5000,0.9109
0.8960,39.0000,0.9112
0.8960,39.5000,0.9116
0.8960,40.0000,0.9119
0.8960,40.5000,0.9122
0.8960,41.0000,0.9125
0.8960,41.5000,0.9128
0.8960,42.0000,0.9131
0.8960,42.5000,0.9134
0.8960,43.0000,0.9137
0.8960,43.5000,0.9141
0.8960,44.0000,0.9144
0.8960,44.5000,0.9147
0.8960,45.0000,0.9150
0.8960,45.5000,0.9153
0.8960,46.0000,0.9156
0.8960,46.5000,0.9159
0.8960,47.0000,0.9162
0.8960,47.5000,0.9166
0.8960,48.0000,0.9169
0.8960,48.5000,0.9172
0.8960,49.0000,0.9175
0.8960,49.5000,0.9178
0.8960,50.0000,0.9181
0.8970,25.0000,0.9034
0.8970,25.5000,0.9037
0.8970,26.0000,0.9040
0.8970,26.5000,0.9043
0.8970,27.0000,0.9047
0.8970,27.5000,0.9050
0.8970,28.0000,0.9053
0.8970,28.5000,0.9056
0.8970,29.0000,0.9059
0.8970,29.5000,0.9062
0.8970,30.0000,0.9066
0.8970,30.5000,0.9069
0.8970,31.0000,0.9072
0.8970,31.5000,0.9075
0.8970,32.0000,0.9078
0.8970,32.5000,0.9081
0.8970,33.0000,0.9085
0.8970,33.5000,0.9088
0.8970,34.0000,0.9091
0.8970,34.5000,0.9094
0.8970,35.0000,0.9097
0.8970,35.5000,0.9100
0.8970,36.0000,0.9103
0.8970,36.5000,0.9107
0.8970,37.0000,0.9110
0.8970,37.5000,0.9113
0.8970,38.0000,0.9116
0.8970,38.5000,0.9119
0.8970,39.0000,0.9122
0.8970,39.5000,0.9125
0.8970,40.0000,0.9129
0.8970,40.5000,0.9132
0.8970,41.0000,0.9135
0.8970,41.5000,0.9138
0.8970,42.0000,0.9141
0.8970,42.5000,0.9144
0.8970,43.0000,0.9147
0.8970,43.5000,0.9151
0.8970,44.0000,0.9154
0.8970,44.5000,0.9157
0.8970,45.0000,0.9160
0.8970,45.5000,0.9163
0.8970,46.0000,0.9166
0.8970,46.5000,0.9169
0.8970,47.0000,0.9172
0.8970,47.5000,0.9176
0.8970,48.0000,0.9179
0.8970,48.5000,0.9182
0.8970,49.0000,0.9185
0.8970,49.5000,0.9188
0.8970,50.0000,0.9191
0.8980,25.0000,0.9044
0.8980,25.5000,0.9047
0.8980,26.0000,0.9050
0.8980,26.5000,0.9053
0.8980,27.0000,0.9057
0.8980,27.5000,0.9060
0.8980,28.0000,0.9063
0.8980,28.5000,0.9066
0.8980,29.0000,0.9069
0.8980,29.5000,0.9072
0.8980,30.0000,0.9076
0.8980,30.5000,0.9079
0.8980,31.0000,0.9082
0.8980,31.5000,0.9085
0.8980,32.0000,0.9088
0.8980,32.5000,0.9091
0.8980,33.0000,0.9095
0.8980,33.5000,0.9098
0.8980,34.0000,0.9101
0.8980,34.5000,0.9104
0.8980,35.0000,0.9107
0.8980,35.5000,0.9110
0.8980,36.0000,0.9113
0.8980,36.5000,0.9117
0.8980,37.0000,0.9120
0.8980,37.5000,0.9123
0.8980,38.0000,0.9126
0.8980,38.5000,0.9129
0.8980,39.0000,0.9132
0.8980,39.5000,0.9135
0.8980,40.0000,0.9139
0.8980,40.5000,0.9142
0.8980,41.0000,0.9145
0.8980,41.5000,0.9148
0.8980,42.0000,0.9151
0.8980,42.5000,0.9154
0.8980,43.0000,0.9157
0.8980,43.5000,0.9161
0.8980,44.0000,0.9164
0.8980,44.5000,0.9167
0.8980,45.0000,0.9170
0.8980,45.5000,0.9173
0.8980,46.0000,0.9176
0.8980,46.5000,0.9179
0.8980,47.0000,0.9182
0.8980,47.5000,0.9185
0.8980,48.0000,0.9189
0.8980,48.5000,0.9192
0.8980,49.0000,0.9195
0.8980,49.5000,0.9198
0.8980,50.0000,0.9201
0.8990,25.0000,0.9054
0.8990,25.5000,0.9057
0.8990,26.0000,0.9060
0.8990,26.5000,0.9063
0.8990,27.0000,0.9067
0.8990,27.5000,0.9070
0.8990,28.0000,0.9073
0.8990,28.5000,0.9076
0.8990,29.0000,0.9079
0.8990,29.5000,0.9082
0.8990,30.0000,0.9086
0.8990,30.5000,0.9089
0.8990,31.0000,0.9092
0.8990,31.5000,0.9095
0.8990,32.0000,0.9098
0.8990,32.5000,0.9101
0.8990,33.0000,0.9105
0.8990,33.5000,0.9108
0.8990,34.0000,0.9111
0.8990,34.5000,0.9114
0.8990,35.0000,0.9117
0.8990,35.5000,0.9120
0.8990,36.0000,0.9123
0.8990,36.5000,0.9127
0.8990,37.0000,0.9130
0.8990,37.5000,0.9133
0.8990,38.0000,0.9136
0.8990,38.5000,0.9139
0.8990,39.0000,0.9142
0.8990,39.5000,0.9145
0.8990,40.0000,0.9149
0.8990,40.5000,0.9152
0.8990,41.0000,0.9155
0.8990,41.5000,0.9158
0.8990,42.0000,0.9161
0.8990,42.5000,0.9164
0.8990,43.0000,0.9167
0.8990,43.5000,0.9170
0.8990,44.0000,0.9174
0.8990,44.5000,0.9177
0.8990,45.0000,0.9180
0.8990,45.5000,0.9183
0.8990,46.0000,0.9186
0.8990,46.5000,0.9189
0.8990,47.0000,0.9192
0.8990,47.5000,0.9195
0.8990,48.0000,0.9199
0.8990,48.5000,0.9202
0.8990,49.0000,0.9205
0.8990,49.5000,0.9208
0.8990,50.0000,0.9211
0.9000,25.0000,0.9064
0.9000,25.5000,0.9067
0.9000,26.0000,0.9070
0.9000,26.5000,0.9073
0.9000,27.0000,0.9077
0.9000,27.5000,0.9080
0.9000,28.0000,0.9083
0.9000,28.5000,0.9086
0.9000,29.0000,0.9089
0.9000,29.5000,0.9092
0.9000,30.0000,0.9096
0.9000,30.5000,0.9099
0.9000,31.0000,0.9102
0.9000,31.5000,0.9105
0.9000,32.0000,0.9108
0.9000,32.5000,0.9111
0.9000,33.0000,0.9114
0.9000,33.5000,0.9118
0.9000,34.0000,0.9121
0.9000,34.5000,0.9124
0.9000,35.0000,0.9127
0.9000,35.5000,0.9130
0.9000,36.0000,0.9133
0.9000,36.5000,0.9137
0.9000,37.0000,0.9140
0.9000,37.5000,0.9143
0.9000,38.0000,0.9146
0.9000,38.5000,0.9149
0.9000,39.0000,0.9152
0.9000,39.5000,0.9155
0.9000,40.0000,0.9159
0.9000,40.5000,0.9162
0.9000,41.0000,0.9165
0.9000,41.5000,0.9168
0.9000,42.0000,0.9171
0.9000,42.5000,0.9174
0.9000,43.0000,0.9177
0.9000,43.5000,0.9180
0.9000,44.0000,0.9184
0.9000,44.5000,0.9187
0.9000,45.0000,0.9190
0.9000,45.5000,0.9193
0.9000,46.0000,0.9196
0.9000,46.5000,0.9199
0.9000,47.0000,0.9202
0.9000,47.5000,0.9205
0.9000,48.0000,0.9208
0.9000,48.5000,0.9212
0.9000,49.0000,0.9215
0.9000,49.5000,0.9218
0.9000,50.0000,0.9221
0.9010,25.0000,0.9074
0.9010,25.5000,0.9077
0.9010,26.0000,0.9080
0.9010,26.5000,0.9083
0.9010,27.0000,0.9087
0.9010,27.5000,0.9090
0.9010,28.0000,0.9093
0.9010,28.5000,0.9096
0.9010,29.0000,0.9099
0.9010,29.5000,0.9102
0.9010,30.0000,0.9106
0.9010,30.5000,0.9109
0.9010,31.0000,0.9112
0.9010,31.5000,0.9115
0.9010,32.0000,0.9118
0.9010,32.5000,0.9121
0.9010,33.0000,0.9124
0.9010,33.5000,0.9128
0.9010,34.0000,0.9131
0.9010,34.5000,0.9134
0.9010,35.0000,0.9137
0.9010,35.5000,0.9140
0.9010,36.0000,0.9143
0.9010,36.5000,0.9147
0.9010,37.0000,0.9150
0.9010,37.5000,0.9153
0.9010,38.0000,0.9156
0.9010,38.5000,0.9159
0.9010,39.0000,0.9162
0.9010,39.5000,0.9165
0.9010,40.0000,0.9169
0.9010,40.5000,0.9172
0.9010,41.0000,0.9175
0.9010,41.5000,0.9178
0.9010,42.0000,0.9181
0.9010,42.5000,0.9184
0.9010,43.0000,0.9187
0.9010,43.5000,0.9190
0.9010,44.0000,0.9194
0.9010,44.5000,0.9197
0.9010,45.0000,0.9200
0.9010,45.5000,0.9203
0.9010,46.0000,0.9206
0.9010,46.5000,0.9209
0.9010,47.0000,0.9212
0.9010,47.5000,0.9215
0.9010,48.0000,0.9218
0.9010,48.5000,0.9222
0.9010,49.0000,0.9225
0.9010,49.5000,0.9228
0.9010,50.0000,0.9231
0.9020,25.0000,0.9084
0.9020,25.5000,0.9087
0.9020,26.0000,0.9090
0.9020,26.5000,0.9093
0.9020,27.0000,0.9096
0.9020,27.5000,0.9100
0.9020,28.0000,0.9103
0.9020,28.5000,0.9106
0.9020,29.0000,0.9109
0.9020,29.5000,0.9112
0.9020,30.0000,0.9116
0.9020,30.5000,0.9119
0.9020,31.0000,0.9122
0.9020,31.5000,0.9125
0.9020,32.0000,0.9128
0.9020,32.5000,0.9131
0.9020,33.0000,0.9134
0.9020,33.5000,0.9138
0.9020,34.0000,0.9141
0.9020,34.5000,0.9144
0.9020,35.0000,0.9147
0.9020,35.5000,0.9150
0.9020,36.0000,0.9153
0.9020,36.5000,0.9157
0.9020,37.0000,0.9160
0.9020,37.5000,0.9163
0.9020,38.0000,0.9166
0.9020,38.5000,0.9169
0.9020,39.0000,0.9172
0.9020,39.5000,0.9175
0.9020,40.0000,0.9178
0.9020,40.5000,0.9182
0.9020,41.0000,0.9185
0.9020,41.5000,0.9188
0.9020,42.0000,0.9191
0.9020,42.5000,0.9194
0.9020,43.0000,0.9197
0.9020,43.5000,0.9200
0.9020,44.0000,0.9203
0.9020,44.5000,0.9207
0.9020,45.0000,0.9210
0.9020,45.5000,0.9213
0.9020,46.0000,0.9216
0.9020,46.5000,0.9219
0.9020,47.0000,0.9222
0.9020,47.5000,0.9225
0.9020,48.0000,0.9228
0.9020,48.5000,0.9231
0.9020,49.0000,0.9235
0.9020,49.5000,0.9238
0.9020,50.0000,0.9241
0.9030,25.0000,0.9094
0.9030,25.5000,0.9097
0.9030,26.0000,0.9100
0.9030,26.5000,0.9103
0.9030,27.0000,0.9106
0.9030,27.5000,0.9110
0.9030,28.0000,0.9113
0.9030,28.5000,0.9116
0.9030,29.0000,0.9119
0.9030,29.5000,0.9122
0.9030,30.0000,0.9125
0.9030,30.5000,0.9129
0.9030,31.0000,0.9132
0.9030,31.5000,0.9135
0.9030,32.0000,0.9138
0.9030,32.5000,0.9141
0.9030,33.0000,0.9144
0.9030,33.5000,0.9148
0.9030,34.0000,0.9151
0.9030,34.5000,0.9154
0.9030,35.0000,0.9157
0.9030,35.5000,0.9160
0.9030,36.0000,0.9163
0.9030,36.5000,0.9166
0.9030,37.0000,0.9170
0.9030,37.5000,0.9173
0.9030,38.0000,0.9176
0.9030,38.5000,0.9179
0.9030,39.0000,0.9182
0.9030,39.5000,0.9185
0.9030,40.0000,0.9188
0.9030,40.5000,0.9192
0.9030,41.0000,0.9195
0.9030,41.5000,0.9198
0.9030,42.0000,0.9201
0.9030,42.5000,0.9204
0.9030,43.0000,0.9207
0.9030,43.5000,0.9210
0.9030,44.0000,0.9213
0.9030,44.5000,0.9217
0.9030,45.0000,0.9220
0.9030,45.5000,0.9223
0.9030,46.0000,0.9226
0.9030,46.5000,0.9229
0.9030,47.0000,0.9232
0.9030,47.5000,0.9235
0.9030,48.0000,0.9238
0.9030,48.5000,0.9241
0.9030,49.0000,0.9245
0.9030,49.5000,0.9248
0.9030,50.0000,0.9251
0.9040,25.0000,0.9104
0.9040,25.5000,0.9107
0.9040,26.0000,0.9110
0.9040,26.5000,0.9113
0.9040,27.0000,0.9116
0.9040,27.5000,0.9120
0.9040,28.0000,0.9123
0.9040,28.5000,0.9126
0.9040,29.0000,0.9129
0.9040,29.5000,0.9132
0.9040,30.0000,0.9135
0.9040,30.5000,0.9139
0.9040,31.0000,0.9142
0.9040,31.5000,0.9145
0.9040,32.0000,0.9148
0.9040,32.5000,0.9151
0.9040,33.0000,0.9154
0.9040,33.5000,0.9158
0.9040,34.0000,0.9161
0.9040,34.5000,0.9164
0.9040,35.0000,0.9167
0.9040,35.5000,0.9170
0.9040,36.0000,0.9173
0.9040,36.5000,0.9176
0.9040,37.0000,0.9180
0.9040,37.5000,0.9183
0.9040,38.0000,0.9186
0.9040,38.5000,0.9189
0.9040,39.0000,0.9192
0.9040,39.5000,0.9195
0.9040,40.0000,0.9198
0.9040,40.5000,0.9202
0.9040,41.0000,0.9205
0.9040,41.5000,0.9208
0.9040,42.0000,0.9211
0.9040,42.5000,0.9214
0.9040,43.0000,0.9217
0.9040,43.5000,0.9220
0.9040,44.0000,0.9223
0.9040,44.5000,0.9227
0.9040,45.0000,0.9230
0.9040,45.5000,0.9233
0.9040,46.0000,0.9236
0.9040,46.5000,0.9239
0.9040,47.0000,0.9242
0.9040,47.5000,0.9245
0.9040,48.0000,0.9248
0.9040,48.5000,0.9251
0.9040,49.0000,0.9255
0.9040,49.5000,0.9258
0.9040,50.0000,0.9261
0.9050,25.0000,0.9114
0.9050,25.5000,0.9117
0.9050,26.0000,0.9120
0.9050,26.5000,0.9123
0.9050,27.0000,0.9126
0.9050,27.5000,0.9130
0.9050,28.0000,0.9133
0.9050,28.5000,0.9136
0.9050,29.0000,0.9139
0.9050,29.5000,0.9142
0.9050,30.0000,0.9145
0.9050,30.5000,0.9149
0.9050,31.0000,0.9152
0.9050,31.5000,0.9155
0.9050,32.0000,0.9158
0.9050,32.5000,0.9161
0.9050,33.0000,0.9164
0.9050,33.5000,0.9168
0.9050,34.0000,0.9171
0.9050,34.5000,0.9174
0.9050,35.0000,0.9177
0.9050,35.5000,0.9180
0.9050,36.0000,0.9183
0.9050,36.5000,0.9186
0.9050,37.0000,0.9190
0.9050,37.5000,0.9193
0.9050,38.0000,0.9196
0.9050,38.5000,0.9199
0.9050,39.0000,0.9202
0.9050,39.5000,0.9205
0.9050,40.0000,0.9208
0.9050,40.5000,0.9212
0.9050,41.0000,0.9215
0.9050,41.5000,0.9218
0.9050,42.0000,0.9221
0.9050,42.5000,0.9224
0.9050,43.0000,0.9227
0.9050,43.5000,0.9230
0.9050,44.0000,0.9233
0.9050,44.5000,0.9236
0.9050,45.0000,0.9240
0.9050,45.5000,0.9243
0.9050,46.0000,0.9246
0.9050,46.5000,0.9249
0.9050,47.0000,0.9252
0.9050,47.5000,0.9255
0.9050,48.0000,0.9258
0.9050,48.5000,0.9261
0.9050,49.0000,0.9264
0.9050,49.5000,0.9268
0.9050,50.0000,0.9271
0.9060,25.0000,0.9124
0.9060,25.5000,0.9127
0.9060,26.0000,0.9130
0.9060,26.5000,0.9133
0.9060,27.0000,0.9136
0.9060,27.5000,0.9140
0.9060,28.0000,0.9143
0.9060,28.5000,0.9146
0.9060,29.0000,0.9149
0.9060,29.5000,0.9152
0.9060,30.0000,0.9155
0.9060,30.5000,0.9159
0.9060,31.0000,0.9162
0.9060,31.5000,0.9165
0.9060,32.0000,0.9168
0.9060,32.5000,0.9171
0.9060,33.0000,0.9174
0.9060,33.5000,0.9178
0.9060,34.0000,0.9181
0.9060,34.5000,0.9184
0.9060,35.0000,0.9187
0.9060,35.5000,0.9190
0.9060,36.0000,0.9193
0.9060,36.5000,0.9196
0.9060,37.0000,0.9200
0.9060,37.5000,0.9203
0.9060,38.0000,0.9206
0.9060,38.5000,0.9209
0.9060,39.0000,0.9212
0.9060,39.5000,0.9215
0.9060,40.0000,0.9218
0.9060,40.5000,0.9221
0.9060,41.0000,0.9225
0.9060,41.5000,0.9228
0.9060,42.0000,0.9231
0.9060,42.5000,0.9234
0.9060,43.0000,0.9237
0.9060,43.5000,0.9240
0.9060,44.0000,0.9243
0.9060,44.5000,0.9246
0.9060,45.0000,0.9250
0.9060,45.5000,0.9253
0.9060,46.0000,0.9256
0.9060,46.5000,0.9259
0.9060,47.0000,0.9262
0.9060,47.5000,0.9265
0.9060,48.0000,0.9268
0.9060,48.5000,0.9271
0.9060,49.0000,0.9274
0.9060,49.5000,0.9278
0.9060,50.0000,0.9281
0.9070,25.0000,0.9134
0.9070,25.5000,0.9137
0.9070,26.0000,0.9140
0.9070,26.5000,0.9143
0.9070,27.0000,0.9146
0.9070,27.5000,0.9150
0.9070,28.0000,0.9153
0.9070,28.5000,0.9156
0.9070,29.0000,0.9159
0.9070,29.5000,0.9162
0.9070,30.0000,0.9165
0.9070,30.5000,0.9169
0.9070,31.0000,0.9172
0.9070,31.5000,0.9175
0.9070,32.0000,0.9178
0.9070,32.5000,0.9181
0.9070,33.0000,0.9184
0.9070,33.5000,0.9188
0.9070,34.0000,0.9191
0.9070,34.5000,0.9194
0.9070,35.0000,0.9197
0.9070,35.5000,0.9200
0.9070,36.0000,0.9203
0.9070,36.5000,0.9206
0.9070,37.0000,0.9210
0.9070,37.5000,0.9213
0.9070,38.0000,0.9216
0.9070,38.5000,0.9219
0.9070,39.0000,0.9222
0.9070,39.5000,0.9225
0.9070,40.0000,0.9228
0.9070,40.5000,0.9231
0.9070,41.0000,0.9235
0.9070,41.5000,0.9238
0.9070,42.0000,0.9241
0.9070,42.5000,0.9244
0.9070,43.0000,0.9247
0.9070,43.5000,0.9250
0.9070,44.0000,0.9253
0.9070,44.5000,0.9256
0.9070,45.0000,0.9260
0.9070,45.5000,0.9263
0.9070,46.0000,0.9266
0.9070,46.5000,0.9269
0.9070,47.0000,0.9272
0.9070,47.5000,0.9275
0.9070,48.0000,0.9278
0.9070,48.5000,0.9281
0.9070,49.0000,0.9284
0.9070,49.5000,0.9287
0.9070,50.0000,0.9291
0.9080,25.0000,0.9144
0.9080,25.5000,0.9147
0.9080,26.0000,0.9150
0.9080,26.5000,0.9153
0.9080,27.0000,0.9156
0.9080,27.5000,0.9160
0.9080,28.0000,0.9163
0.9080,28.5000,0.9166
0.9080,29.0000,0.9169
0.9080,29.5000,0.9172
0.9080,30.0000,0.9175
0.9080,30.5000,0.9179
0.9080,31.0000,0.9182
0.9080,31.5000,0.9185
0.9080,32.0000,0.9188
0.9080,32.5000,0.9191
0.9080,33.0000,0.9194
0.9080,33.5000,0.9197
0.9080,34.0000,0.9201
0.9080,34.5000,0.9204
0.9080,35.0000,0.9207
0.9080,35.5000,0.9210
0.9080,36.0000,0.9213
0.9080,36.5000,0.9216
0.9080,37.0000,0.9219
0.9080,37.5000,0.9223
0.9080,38.0000,0.9226
0.9080,38.5000,0.9229
0.9080,39.0000,0.9232
0.9080,39.5000,0.9235
0.9080,40.0000,0.9238
0.9080,40.5000,0.9241
0.9080,41.0000,0.9245
0.9080,41.5000,0.9248
0.9080,42.0000,0.9251
0.9080,42.5000,0.9254
0.9080,43.0000,0.9257
0.9080,43.5000,0.9260
0.9080,44.0000,0.9263
0.9080,44.5000,0.9266
0.9080,45.0000,0.9269
0.9080,45.5000,0.9273
0.9080,46.0000,0.9276
0.9080,46.5000,0.9279
0.9080,47.0000,0.9282
0.9080,47.5000,0.9285
0.9080,48.0000,0.9288
0.9080,48.5000,0.9291
0.9080,49.0000,0.9294
0.9080,49.5000,0.9297
0.9080,50.0000,0.9300
0.9090,25.0000,0.9154
0.9090,25.5000,0.9157
0.9090,26.0000,0.9160
0.9090,26.5000,0.9163
0.9090,27.0000,0.9166
0.9090,27.5000,0.9170
0.9090,28.0000,0.9173
0.9090,28.5000,0.9176
0.9090,29.0000,0.9179
0.9090,29.5000,0.9182
0.9090,30.0000,0.9185
0.9090,30.5000,0.9189
0.9090,31.0000,0.9192
0.9090,31.5000,0.9195
0.9090,32.0000,0.9198
0.9090,32.5000,0.9201
0.9090,33.0000,0.9204
0.9090,33.5000,0.9207
0.9090,34.0000,0.9211
0.9090,34.5000,0.9214
0.9090,35.0000,0.9217
0.9090,35.5000,0.9220
0.9090,36.0000,0.9223
0.9090,36.5000,0.9226
0.9090,37.0000,0.9229
0.9090,37.5000,0.9233
0.9090,38.0000,0.9236
0.9090,38.5000,0.9239
0.9090,39.0000,0.9242
0.9090,39.5000,0.9245
0.9090,40.0000,0.9248
0.9090,40.5000,0.9251
0.9090,41.0000,0.9255
0.9090,41.5000,0.9258
0.9090,42.0000,0.9261
0.9090,42.5000,0.9264
0.9090,43.0000,0.9267
0.9090,43.5000,0.9270
0.9090,44.0000,0.9273
0.9090,44.5000,0.9276
0.9090,45.0000,0.9279
0.9090,45.5000,0.9283
0.9090,46.0000,0.9286
0.9090,46.5000,0.9289
0.9090,47.0000,0.9292
0.9090,47.5000,0.9295
0.9090,48.0000,0.9298
0.9090,48.5000,0.9301
0.9090,49.0000,0.9304
0.9090,49.5000,0.9307
0.9090,50.0000,0.9310
